4257642684,b,Ryu,200,83.87096774193549
4024400971,b,JP,528,158.4
2814374749,b,JP,134,69.3103448275862
2251008371,b,JP,326,0.0
2441408106,b,JP,683,341.5
2038149255,b,JP,410,112.54901960784315
2894627501,b,JP,807,432.32142857142856
1616256954,b,Luke,160,80.0
3735789626,b,Ken,179,93.19834710743802
3795853476,b,Chun-Li,584,222.65468549422334
1392666564,b,Marisa,465,201.0810810810811
2077542733,b,Lily,162,92.3225806451613
2174824698,b,Ryu,179,74.31696428571429
2103225533,b,Guile,238,122.1818181818182
3921264703,b,Cammy,105,44.891304347826086
2865770431,b,Ryu,432,337.5
3055425585,b,JP,657,281.57142857142856
1759531373,b,JP,321,175.546875
3762966603,b,Ryu,583,291.5
1100814222,b,JP,329,141.13352272727272
1303862412,b,Blanka,100,69.23076923076923
3983083588,b,Juri,161,67.01081081081081
2395186514,b,Juri,327,120.78378378378379
2158189360,b,Juri,184,75.80524344569288
1932951324,b,Ryu,884,241.09090909090907
1901509789,b,Dhalsim,380,245.8823529411765
1591369048,b,Cammy,1044,413.92070484581495
3865977791,b,Cammy,768,271.05882352941177
1381766614,b,Cammy,146,73.0
1479538568,b,Cammy,121,35.91324200913242
3361089080,b,Cammy,471,157.0
3287355368,b,Cammy,221,99.80645161290322
1172870861,b,Ryu,426,255.6
2187366285,b,Ryu,415,153.95161290322582
1535171827,b,Ryu,147,77.4375
4213957984,b,Ryu,117,54.0264705882353
1497434799,b,Guile,172,38.8013468013468
3731607465,b,Luke,106,59.625
3336290472,b,Ryu,723,281.1666666666667
2849991196,b,Luke,305,166.36363636363635
2987100645,b,Luke,125,62.5
2104875959,b,Ryu,97,46.34444444444445
2404930933,b,Ryu,460,230.0
2987502626,b,Luke,101,40.400000000000006
3747316869,b,Ryu,104,56.72727272727272
1915052416,b,Luke,399,160.88709677419354
2085634249,b,Ryu,567,406.5283018867924
2986101907,b,Ken,1372,894.7826086956522
4228466744,b,Ryu,99,37.800000000000004
1872725357,b,Ryu,1493,610.7727272727274
3587050124,b,Ryu,863,339.6914893617021
2864397628,b,Ryu,746,375.20710059171597
1486916399,b,Ryu,224,101.81818181818181
2821078402,b,Lily,1505,822.1759259259259
3034667248,b,Guile,140,76.26865671641791
1191623169,b,Blanka,1021,415.96296296296293
1666446571,b,Guile,281,163.91666666666669
2337673794,b,Guile,601,337.1463414634147
2595413521,b,Luke,272,172.26666666666665
2284543146,b,Luke,201,81.41772151898734
1134371769,b,Luke,172,71.17241379310344
1038472953,b,Luke,490,267.27272727272725
1899892610,b,Luke,250,147.05882352941177
1551264343,b,Ryu,861,387.45
3550126347,b,Ken,585,259.07142857142856
1068873775,b,Dee Jay,175,94.70588235294117
4141482585,b,Juri,138,66.71900826446281
1886778646,b,Luke,176,88.98876404494382
3691592384,b,Jamie,478,215.5686274509804
2461120875,b,Jamie,1205,487.73809523809524
2599710665,b,Jamie,368,179.78625954198472
4144633290,b,Kimberly,990,445.5
1543069961,b,Manon,874,460.0
2023480943,b,Zangief,359,235.20689655172413
3720832451,b,Marisa,934,0.0
2796552253,b,Ryu,217,94.7816091954023
2760109581,b,Lily,132,63.66371681415929
3513546912,b,Marisa,1057,176.16666666666666
3752560398,b,Blanka,105,32.5
2525383698,b,Blanka,148,83.25
4203610424,b,Juri,179,115.07142857142858
1758749055,b,Juri,450,196.875
3123119910,b,Chun-Li,111,55.5
3336157944,b,Juri,103,45.01481481481482
3376242069,b,Juri,212,100.69999999999999
3391909775,b,Chun-Li,511,102.2
3692026909,b,Chun-Li,102,40.800000000000004
1612020990,b,Juri,276,109.39407744874715
1416624838,b,Marisa,1047,0.0
1073949548,b,Ken,374,139.45762711864407
3434724592,b,Marisa,449,239.87671232876713
1314270895,b,Marisa,189,113.39999999999999
3391870776,b,Marisa,154,77.82795698924731
3214022626,b,Marisa,118,43.473684210526315
3229738794,b,Marisa,1263,574.0909090909091
2234098399,b,Marisa,124,53.85142857142857
2895817764,b,Marisa,102,48.0
3810427675,b,Marisa,638,255.20000000000002
3133576792,b,Dee Jay,383,149.46341463414635
2088986708,b,Marisa,414,273.5357142857143
1713459253,b,Chun-Li,145,46.774193548387096
1849881433,b,Chun-Li,357,167.03669724770643
4267090614,b,Chun-Li,104,31.2
4009723438,b,Chun-Li,415,41.5
1540694720,b,Chun-Li,93,48.050000000000004
2729372552,b,Chun-Li,106,39.94202898550725
1340860072,b,Chun-Li,1529,527.2413793103449
1079234986,b,Edmond Honda,366,195.2
3437636952,b,Chun-Li,103,45.30696202531646
2393985800,b,Chun-Li,229,96.88461538461539
3590228336,b,Edmond Honda,448,244.36363636363635
3554191928,b,Chun-Li,171,85.5
3272799634,b,Ken,560,205.2542372881356
3540338265,b,Ken,181,86.0972972972973
1961256379,b,Ken,141,60.23300970873786
2994135423,b,Ken,211,92.02492211838006
2168600490,b,Ken,208,99.54285714285714
1291479202,b,Ken,126,57.68674698795181
4185722003,b,Dee Jay,327,125.76923076923077
2263820216,b,Luke,94,70.5
3892004585,b,Luke,420,190.9090909090909
3532941017,b,Edmond Honda,1254,660.0
2287955221,b,Edmond Honda,284,162.28571428571428
2434536649,b,Edmond Honda,119,64.9090909090909
1469573306,b,Edmond Honda,2111,980.1071428571429
2761818592,b,Edmond Honda,613,260.06060606060606
3978909639,b,Edmond Honda,196,89.0909090909091
3441427550,b,Edmond Honda,448,247.17241379310343
2554032495,b,Edmond Honda,719,326.8181818181818
3595363435,b,Edmond Honda,459,83.45454545454545
2956552547,b,Juri,114,59.64238410596027
1869056489,b,Juri,167,75.18957345971563
1901190535,b,Juri,513,335.78181818181815
4116168627,b,Juri,125,61.91588785046729
3266595813,b,Luke,152,81.06666666666666
1269739060,b,Luke,603,219.36215334420882
1072583969,b,Luke,232,128.0
1782383992,b,Luke,126,78.4
3696880030,b,Edmond Honda,520,272.3809523809524
4106054373,b,Edmond Honda,210,102.66666666666666
1694332684,b,Jamie,109,46.972375690607734
2202204798,b,Jamie,275,120.83333333333333
2307281907,b,Kimberly,133,83.45098039215686
2602126512,b,Kimberly,359,198.93630573248407
3261256916,b,Manon,101,46.648305084745765
2841150450,b,Manon,821,248.78787878787878
1034274462,b,Manon,92,78.08780487804877
3645735611,b,Manon,373,165.5991379310345
3474783673,b,Manon,395,201.88888888888889
2626870314,b,Juri,151,49.69009584664537
3587996437,b,JP,112,57.931034482758626
1723007515,b,Juri,251,95.61904761904762
1153426636,b,Guile,685,276.4035087719298
1838436361,b,Luke,557,168.8967741935484
1897550641,b,Guile,2022,1140.6153846153845
1528417255,b,Luke,93,59.61538461538462
1667188610,b,Edmond Honda,143,79.0569105691057
3169402930,b,Jamie,187,90.75
2241153542,b,Random,285,144.2378048780488
4125528188,b,Random,145,62.70270270270271
4256291780,b,Chun-Li,302,110.91975308641976
4062440214,b,Chun-Li,140,71.70731707317073
3646222918,b,Manon,141,77.26027397260273
2411947647,b,Zangief,181,82.83050847457628
3762815706,b,Zangief,349,209.4
2721173858,b,JP,1941,388.20000000000005
2769431907,b,JP,116,65.56521739130434
3586690386,b,JP,167,69.33030303030303
1345253457,b,JP,677,123.0909090909091
2396711252,b,JP,1609,746.839590443686
1838415704,b,JP,1488,496.0
2542561254,b,JP,1287,533.1857142857143
3164140540,b,JP,473,162.17142857142858
1579997364,b,JP,648,28.17391304347826
1293897298,b,Chun-Li,251,114.18039215686274
3270334904,b,Chun-Li,212,106.6583850931677
2714404274,b,Manon,331,178.23076923076923
3503854579,b,Manon,107,68.0909090909091
1984512279,b,Manon,117,56.0
1127268946,b,Manon,1178,543.6923076923077
1858653564,b,Manon,373,149.68546637744035
1426221172,b,Manon,403,227.57647058823528
2215782401,b,Zangief,192,116.49438202247191
1148696577,b,Zangief,925,518.0
3388228017,b,Zangief,902,379.1014492753623
1365460269,b,Zangief,207,117.94186046511628
2088501603,b,Zangief,295,193.44262295081967
2255261218,b,JP,190,116.92307692307693
2715323187,b,Cammy,188,81.9009900990099
2891655023,b,Cammy,207,144.0
1278611928,b,Cammy,453,223.11940298507463
1618813943,b,Marisa,338,214.06666666666666
3529300302,b,Dhalsim,690,414.0
1785181568,b,Kimberly,321,153.3134328358209
1143820822,b,Ken,362,188.24
1162119524,b,Ken,90,43.0
3398072600,b,Luke,153,68.85000000000001
2352745234,b,Luke,651,363.0576923076923
1069469613,b,Ryu,232,167.34426229508196
3626633328,b,Juri,92,46.53488372093023
1478397914,b,Zangief,92,23.9349593495935
1684810288,b,Dhalsim,403,120.89999999999999
2641005749,b,Ryu,161,77.51851851851852
3394388871,b,Marisa,427,175.375
2801040997,b,Ken,183,77.3658536585366
2639869422,b,Ken,114,53.91891891891892
1694970112,b,Manon,111,58.22950819672131
3549947947,b,Juri,101,47.529411764705884
2106426328,b,Ryu,253,138.0
2279582815,b,Ken,97,67.15384615384615
4254825795,b,Marisa,951,317.0
2626336875,b,Ken,522,214.6
1759162688,b,Ken,497,277.3953488372093
3506066013,b,Jamie,648,391.8139534883721
1286378555,b,Kimberly,1054,491.8666666666667
2545894127,b,Luke,192,90.89855072463769
3832509481,b,Zangief,418,190.0
1615272502,b,Juri,121,58.90789473684211
2526730386,b,Zangief,923,479.25000000000006
3715206313,b,Juri,210,107.45614035087719
1095920935,b,Juri,229,74.08823529411765
1068139458,b,Juri,192,92.63157894736842
3134096412,b,Juri,150,74.39024390243902
2933957761,b,Juri,1275,488.29787234042556
2600174913,b,Marisa,95,47.5
2407724717,b,Manon,122,75.57522123893804
2438607008,b,Marisa,321,175.09090909090907
2028107467,b,Marisa,109,45.276923076923076
2412989778,b,Marisa,469,219.07236842105263
1356529623,b,Marisa,218,86.76616915422886
3666733956,b,Zangief,796,335.1578947368421
2285741282,b,Zangief,225,101.25
3779218934,b,Zangief,326,176.58333333333331
2367215257,b,Zangief,298,162.54545454545453
1272142167,b,Zangief,149,65.1875
1965195301,b,Zangief,151,107.85714285714286
1779965421,b,Zangief,136,50.746268656716424
2756166798,b,Zangief,257,123.36
1737709731,b,Zangief,153,53.372093023255815
2957013091,b,Zangief,688,125.0909090909091
3059070503,b,Zangief,135,67.5
3310211064,b,Zangief,378,240.54545454545453
1110611672,b,Luke,849,313.7608695652174
1693265854,b,Jamie,164,79.51515151515152
2159021001,b,Dhalsim,467,229.67213114754097
2578168546,b,Kimberly,170,80.99476439790575
2084034162,b,Kimberly,619,247.60000000000002
2120902623,b,Chun-Li,698,398.85714285714283
1472198976,b,Ryu,1142,470.235294117647
4276653365,b,Ryu,569,375.02272727272725
3742981513,b,Ken,198,96.9795918367347
2899849306,b,Ken,251,132.7935871743487
2366317531,b,Dee Jay,115,65.0
1382345223,b,Lily,134,64.0
1524703744,b,Juri,402,168.99363057324842
1914347279,b,Juri,412,270.1320754716981
1280846908,b,Marisa,1019,591.6774193548388
1017164576,b,Chun-Li,136,57.13609467455621
3550288281,b,Manon,92,42.93333333333334
2259683386,b,Manon,154,86.98148148148148
2307255053,b,Manon,400,132.78688524590163
2440228591,b,Ken,1383,528.7941176470588
3039859986,b,Zangief,1075,343.0851063829787
1605593905,b,Zangief,154,88.0
1523499830,b,Ken,161,83.09677419354838
1723496923,b,Zangief,123,71.09174311926606
1292226475,b,Ken,199,88.05309734513274
1736266043,b,Zangief,326,164.03821656050957
3509521171,b,Zangief,92,36.14285714285714
3726610757,b,Zangief,374,210.375
3001615565,b,Dhalsim,609,160.26315789473682
4044364098,b,Cammy,765,313.3734939759036
3452238844,b,Kimberly,192,76.80000000000001
4070353178,b,Kimberly,1437,287.40000000000003
1799367059,b,Kimberly,100,67.56756756756756
1403297748,b,Chun-Li,828,345.0
4207099419,b,Kimberly,221,110.5
1456381580,b,Manon,169,97.8421052631579
2071587061,b,Kimberly,611,351.7878787878788
2865182195,b,Kimberly,105,51.85185185185185
3931366099,b,Zangief,887,532.1999999999999
3650782761,b,Kimberly,300,180.0
3735296945,b,Kimberly,254,124.04651162790697
2484880610,b,Cammy,671,391.4166666666667
1746974192,b,Kimberly,182,76.44
2037770926,b,Kimberly,450,204.54545454545453
2152373785,b,Kimberly,969,484.5
1777519337,b,Kimberly,198,118.8
3136630906,b,Kimberly,98,49.0
3162240664,b,Kimberly,265,119.94736842105263
2035738538,b,Ken,406,172.66666666666666
1878470309,b,Ken,699,233.0
3177992029,b,Ken,445,163.88101983002832
1858468328,b,Ken,90,26.632653061224488
2034186586,b,Ken,207,95.79611650485437
3620860984,b,Ken,334,182.7860696517413
1487523519,b,Ken,92,26.833333333333336
4019876253,b,Ken,128,60.822695035460995
4123518539,b,Marisa,1203,765.5454545454545
2827383083,b,Ken,488,130.1940298507463
2038493235,b,Marisa,312,145.4436090225564
3032578753,b,Ken,559,279.5
1602490105,b,Ken,104,73.50375939849624
1847255413,b,Ken,165,79.0625
3034802448,b,Kimberly,278,105.1891891891892
3501039832,b,Ken,431,188.5625
1062974211,b,Chun-Li,162,37.61924686192469
2264411511,b,Zangief,595,341.0365853658536
2230096978,b,Cammy,132,78.375
3404605017,b,Cammy,1122,463.76
3757513139,b,Cammy,290,126.66666666666667
2207002869,b,Ryu,139,75.50617283950616
1064935354,b,Ken,431,199.4710743801653
1921735288,b,Ken,382,181.9047619047619
3866363076,b,Ken,106,51.32631578947368
3469268474,b,Dee Jay,173,74.76381909547739
3110771558,b,Dee Jay,245,112.7970297029703
1835797000,b,Juri,350,143.3189655172414
3892519862,b,Guile,712,237.33333333333331
1109397492,b,Luke,826,236.0
1181983651,b,Juri,138,74.42696629213484
2714913378,b,Juri,111,54.266666666666666
3565404750,b,Marisa,94,51.147058823529406
2002765282,b,Marisa,221,103.13333333333334
3328295526,b,Marisa,188,88.18556701030928
2441807377,b,Jamie,298,59.6
2929661423,b,Marisa,247,137.86046511627907
2079606456,b,Marisa,188,86.76923076923077
3776489968,b,Ken,94,47.886792452830186
2587524510,b,Ken,169,81.7445652173913
2454915160,b,Dee Jay,207,175.55696202531644
1421598027,b,Ken,245,110.8091286307054
3843475402,b,Ken,102,54.4
1024453321,b,Ken,326,131.12177121771217
3230508849,b,Ken,337,235.89999999999998
3549826405,b,Ken,859,114.53333333333333
3156259812,b,Dee Jay,634,317.0
2749616351,b,Ken,125,28.06122448979592
2013567626,b,Ken,209,80.38461538461539
3447745960,b,Ken,737,147.4
1917655733,b,Lily,284,61.73913043478261
1216548727,b,Marisa,119,60.23456790123457
3458683667,b,Guile,193,101.0952380952381
1978149647,b,Guile,346,158.17142857142858
3576075214,b,Guile,1079,539.5
3241512315,b,Guile,190,95.0
3524223201,b,Luke,123,74.5235294117647
2086553398,b,Luke,153,75.91603053435115
2300675705,b,Ken,2356,504.85714285714283
1986356542,b,Luke,144,72.0
3470374224,b,Luke,280,124.44444444444444
1794846932,b,Edmond Honda,1135,529.6666666666666
3412855586,b,Jamie,1909,246.32258064516128
3899280941,b,Jamie,178,93.85454545454544
2612160251,b,Jamie,197,82.68577981651376
3946931498,b,Dee Jay,585,262.08
1948128885,b,Dee Jay,307,175.42857142857142
1240503027,b,Dee Jay,267,133.5
3911336966,b,Dee Jay,1100,488.88888888888886
3254779584,b,Dee Jay,255,113.33333333333333
2838812968,b,Dee Jay,124,59.047619047619044
4160059521,b,Dee Jay,370,176.46153846153848
2383828997,b,Luke,164,107.625
2910391596,b,Dee Jay,151,61.05121293800539
1982347901,b,Lily,237,40.998482549317146
1946718889,b,Luke,115,77.9032258064516
2800141640,b,Lily,436,188.61442006269593
2761052204,b,Luke,667,414.0
3434062471,b,Lily,321,134.70535714285714
2323269283,b,Lily,715,306.94444444444446
3950024016,b,Lily,238,98.14432989690721
3458355896,b,Lily,897,478.4
3308142537,b,Lily,505,222.54237288135593
3059945565,b,Blanka,923,485.7894736842105
3647867970,b,Luke,1075,570.7964601769912
1060937090,b,Ken,125,61.95652173913044
2256008571,b,Ken,130,82.72727272727272
2852765419,b,Ken,147,77.5511811023622
2982919956,b,Ken,196,79.625
2800154301,b,Ken,532,242.46017699115043
2772103574,b,Ken,243,117.16071428571429
1539401108,b,Ken,488,221.8181818181818
3264484970,b,Ken,257,123.91071428571429
2880401445,b,Luke,733,206.15625
1346615599,b,Luke,98,45.733333333333334
2088316383,b,Luke,104,47.51724137931035
2961074768,b,Luke,118,60.90322580645161
1743001989,b,Manon,646,360.2692307692308
1553493100,b,Manon,143,67.41428571428571
2330033619,b,Luke,170,95.0
4225821823,b,Manon,1302,520.8000000000001
2072076425,b,Luke,182,69.33333333333333
4289767661,b,Luke,127,54.91891891891892
3534446532,b,Marisa,596,257.72972972972974
2109322449,b,Marisa,141,95.02173913043478
1152666528,b,Lily,477,238.5
1385808091,b,Zangief,274,176.57777777777778
1215567661,b,Cammy,111,52.19205298013245
3898554032,b,Cammy,104,40.817204301075265
1672084026,b,Blanka,536,214.4
2426389985,b,Ryu,332,188.13333333333333
2267965271,b,Blanka,170,99.16666666666667
2614517013,b,Ryu,157,71.09433962264151
3570274589,b,Ken,257,163.94827586206898
3910026848,b,Lily,320,137.3390557939914
2575363974,b,Blanka,227,136.2
2348791561,b,Juri,406,164.16521739130434
3082973258,b,Juri,95,48.03370786516854
3225640668,b,Manon,566,226.4
2250166137,b,Manon,600,257.1428571428571
2262557856,b,Manon,239,127.46666666666667
2708507477,b,Blanka,316,110.6
1480615357,b,Manon,1389,740.8
2076579766,b,Manon,403,201.5
3992706038,b,Manon,384,168.96
1762084369,b,Manon,305,122.0
1779346206,b,Manon,1157,289.25
3668632537,b,Lily,291,145.5
3869841543,b,Lily,492,264.9230769230769
1729143076,b,Blanka,140,70.0
2060890217,b,Blanka,463,231.5
2091016666,b,Blanka,231,138.6
2865842139,b,Blanka,376,188.0
4262011115,b,Blanka,218,100.61538461538463
3347592063,b,Blanka,568,113.60000000000001
1553185895,b,Lily,1204,677.25
1587638832,b,Lily,114,47.424
4180935163,b,Blanka,167,100.2
1979883619,b,Blanka,189,94.5
1877411664,b,Blanka,252,112.77348066298343
3847758275,b,Blanka,1036,518.0
4025274934,b,Blanka,302,151.0
3855493884,b,Dee Jay,141,97.01834862385321
2508987580,b,Dee Jay,456,205.5211267605634
2965880676,b,Dee Jay,204,116.57142857142857
4023032274,b,Dee Jay,103,46.450980392156865
2082235475,b,Dee Jay,198,92.8125
2122874667,b,Lily,229,0
3967533642,b,Lily,2130,828.3333333333334
3422437767,b,Blanka,295,184.375
4204715054,b,Juri,110,54.40860215053763
2466267319,b,Juri,1028,408.47682119205297
3645357271,b,Marisa,942,269.1428571428571
1045766037,b,Chun-Li,550,212.62482168330956
3974490155,b,Chun-Li,696,247.3388429752066
1568900075,b,Ken,361,146.09882352941176
3468568629,b,Ken,212,97.7912457912458
2023346443,b,Ken,184,83.09677419354838
2583278257,b,Ken,244,123.43529411764706
2180420928,b,Dee Jay,103,27.264705882352942
1809413055,b,Lily,756,342.83720930232556
1222648524,b,JP,303,100.58091286307054
4041523520,b,Cammy,600,292.0353982300885
2476904470,b,Blanka,945,447.03592814371257
2581631571,b,Juri,97,38.16393442622951
2526822305,b,Manon,622,334.325
2038794831,b,Juri,140,57.15976331360947
3176435061,b,Ken,387,166.21153846153845
3061393874,b,Ken,231,113.27884615384615
1447582307,b,Ken,236,104.0
3459813775,b,Ken,417,165.81008902077153
1384376543,b,Zangief,114,54.0
1814712189,b,Dee Jay,101,59.411764705882355
3542435286,b,Lily,117,63.47872340425531
1879347537,b,Juri,590,309.75
2341029559,b,Juri,792,363.98297872340424
3610568360,b,Juri,189,108.95294117647057
3034413189,b,Marisa,122,69.92682926829268
1394697251,b,Marisa,115,52.27272727272727
1624262315,b,Manon,458,197.04651162790697
1729287363,b,Ryu,465,226.04166666666666
2857603515,b,Manon,211,143.0508474576271
4135822744,b,Zangief,187,86.50340136054422
3904183159,b,Zangief,390,202.2222222222222
2914016630,b,Zangief,127,52.55172413793103
3782500317,b,Ryu,521,182.35
4177839506,b,Zangief,588,263.4027149321267
3537425024,b,Zangief,302,128.55405405405403
2528835080,b,Cammy,300,132.78688524590163
3536002852,b,Ryu,778,330.06060606060606
4187305429,b,Ryu,198,36.0
2852356575,b,Manon,254,110.95306859205776
3170499559,b,Zangief,141,61.527272727272724
1965724494,b,Zangief,203,89.05188679245283
1954328691,b,Dhalsim,662,77.88235294117646
3335467197,b,Dhalsim,1028,205.60000000000002
3985627022,b,JP,593,350.0843373493976
3467300389,b,Ryu,951,443.07954545454544
2095942543,b,Ken,219,97.8274111675127
1949980783,b,Ryu,287,76.53333333333333
3014612881,b,Ryu,513,173.59806629834253
2245567800,b,Dhalsim,1886,925.5370370370371
3185176417,b,Dhalsim,201,100.5
3406531678,b,Dhalsim,467,218.04779411764707
3214081199,b,Dhalsim,1026,157.84615384615387
3507083262,b,Dhalsim,424,106.0
3042381213,b,Dhalsim,515,321.875
3001092639,b,Dhalsim,410,198.38709677419357
1847200110,b,Dhalsim,1018,407.20000000000005
2551594814,b,Dhalsim,903,200.66666666666666
1885209987,b,Dhalsim,1205,253.68421052631578
3684410614,b,Dhalsim,604,248.3982683982684
3337284129,b,Dhalsim,394,185.8490566037736
3588027203,b,Cammy,204,114.14285714285714
2682127669,b,Dhalsim,1342,167.75
1621690772,b,Dhalsim,2212,442.40000000000003
3198709984,b,JP,162,93.78947368421053
1751475166,b,JP,1056,466.60465116279073
3842310888,b,Cammy,163,69.85714285714285
3165224889,b,Cammy,224,80.90746268656717
2701980253,b,Ryu,115,57.746781115879834
1505048361,b,Ryu,157,60.33380084151472
3616546292,b,Ken,756,265.6216216216216
3406262387,b,Ken,249,160.07142857142858
1884664784,b,Ryu,156,89.69999999999999
3737236173,b,Marisa,203,95.52941176470588
3805553115,b,Marisa,106,62.25396825396825
3266034218,b,Ryu,220,101.85185185185185
4003780443,b,Ken,606,290.375
1716014922,b,Marisa,482,254.14545454545453
2478644253,b,Marisa,109,73.51162790697674
1732390370,b,Guile,490,343.0
3811435052,b,Luke,836,557.3333333333333
4154996061,b,Luke,207,102.17307692307693
3389810816,b,Luke,227,129.39
3407070087,b,Jamie,1061,468.36936936936934
4095064065,b,Jamie,546,231.0
1467944281,b,Jamie,224,113.67164179104478
1268351368,b,Ken,170,68.91891891891892
1882723359,b,Ken,296,129.5
1122870495,b,Ken,740,95.48387096774194
2432715069,b,Ryu,621,221.78571428571428
1539056942,b,Ken,124,50.281786941580755
1716185157,b,Ken,171,81.7
2238993842,b,Ken,197,86.04597701149426
1061060144,b,Ken,1110,429.07563025210084
3606775569,b,Ken,222,104.23170731707316
3626983530,b,Ken,987,517.7704918032787
4099571579,b,Ken,853,250.8823529411765
3504664585,b,Ken,174,83.62790697674419
3687619377,b,Ken,261,146.47959183673467
3189611462,b,Ken,352,232.94117647058823
3724257243,b,Ken,109,57.97872340425532
3066810581,b,Lily,209,115.88118811881189
2517852460,b,Blanka,111,49.57281553398059
1199254293,b,Blanka,284,130.16666666666666
2820815439,b,Jamie,170,110.5
1526196929,b,Kimberly,102,40.225352112676056
2215672968,b,Juri,157,75.2899628252788
1223248864,b,Juri,106,53.77941176470588
1970673857,b,Chun-Li,249,139.6829268292683
2417926143,b,Ryu,104,49.47027027027028
3456230770,b,Ryu,101,46.419191919191924
1954375151,b,Ryu,191,81.85714285714285
1921003021,b,Ryu,95,54.41747572815534
1169365534,b,Ryu,145,65.87654320987654
2044082054,b,Ryu,128,53.67741935483871
1736070714,b,Ryu,499,35.64285714285714
1077220149,b,Ryu,583,285.78431372549016
2858266378,b,Luke,683,266.061757719715
3971228034,b,Zangief,581,363.125
2573087984,b,Luke,109,50.86666666666667
1092306525,b,Luke,390,195.0
3661560176,b,Edmond Honda,560,308.0
2915284162,b,Edmond Honda,581,338.9166666666667
1409434356,b,Edmond Honda,699,349.5
2733328326,b,Edmond Honda,629,276.76
1396457919,b,Jamie,320,101.0810810810811
3852996860,b,Jamie,470,135.77777777777777
3773820794,b,Kimberly,367,220.2
2118433651,b,Kimberly,145,99.6875
3295799473,b,Chun-Li,181,104.21212121212122
2463215585,b,Luke,160,83.87096774193549
3988310853,b,Luke,477,286.2
1570296715,b,Edmond Honda,116,64.44444444444444
1431796881,b,Edmond Honda,1159,526.8181818181818
3241242708,b,Jamie,164,42.61842105263158
2271165785,b,Kimberly,183,70.07658643326039
3013561574,b,Kimberly,435,152.967032967033
2349974874,b,Chun-Li,438,146.0
3429792359,b,Chun-Li,229,111.53879310344827
2909302698,b,Chun-Li,724,305.2156862745098
2899986328,b,Chun-Li,150,69.89528795811518
2643175560,b,Manon,138,55.4393063583815
2432969251,b,Manon,140,54.32835820895522
3924160259,b,Manon,136,80.75
2894046275,b,Ken,94,38.76288659793814
1516256395,b,Ken,221,110.5
2552570151,b,Ken,131,52.04109589041096
2355053979,b,Ken,93,51.08450704225353
2489289991,b,Ken,454,171.0
3635517722,b,Ken,2315,1041.75
1281080367,b,Cammy,256,99.09677419354838
3773555915,b,Cammy,502,255.56363636363633
2636465287,b,Cammy,155,78.07407407407406
1240962806,b,Cammy,910,495.1470588235294
1687707668,b,Cammy,404,163.0657596371882
2417017522,b,Cammy,307,144.47058823529412
1433247939,b,Cammy,120,79.67213114754098
3800019151,b,Cammy,509,216.8303249097473
1141027320,b,Ryu,147,61.10240963855422
3551145789,b,Ryu,417,193.60714285714286
4024416875,b,Ryu,172,81.9047619047619
3280321985,b,Ryu,230,74.19354838709677
3973776161,b,Ken,107,36.70348837209302
1983008017,b,Ken,108,31.83673469387755
3512356725,b,Ken,224,157.94871794871796
1265084266,b,Ryu,127,83.55263157894737
2573680734,b,Juri,185,96.2
3081561796,b,Juri,612,346.5542168674699
1582015674,b,Cammy,333,69.32562277580071
4250191931,b,JP,700,295.55555555555554
1892293632,b,Zangief,154,91.0
2619147568,b,Zangief,183,96.075
2819630834,b,Zangief,178,88.44720496894409
2640530317,b,Manon,637,323.1159420289855
1231411053,b,Manon,341,194.4018691588785
2662193430,b,Manon,225,132.1875
4052712078,b,Ken,158,98.75
2729539755,b,Ken,231,110.05759162303664
3835399088,b,Ken,313,164.13414634146343
2726601782,b,Ryu,544,355.95061728395063
3635558111,b,Ryu,176,81.23076923076924
1800533025,b,Ryu,733,338.3076923076923
3001124847,b,Ryu,362,145.82938388625593
3262393802,b,Ryu,444,350.07692307692304
3207128873,b,Cammy,99,46.96436525612472
1781020115,b,Cammy,211,77.85324947589099
1457463679,b,Cammy,170,90.74324324324324
3757230310,b,Cammy,181,91.05521472392638
3759003648,b,Dhalsim,128,52.705882352941174
2468714651,b,JP,366,230.44444444444446
1971491458,b,Zangief,159,70.25581395348837
3794978855,b,Luke,836,464.44444444444446
2501694991,b,Ryu,1045,544.1804979253112
2317765574,b,Ryu,131,80.68512110726644
1078582335,b,Ryu,556,306.7586206896552
2279137945,b,Dee Jay,282,179.45454545454544
3531391927,b,Dee Jay,170,100.13698630136987
4224378763,b,Dee Jay,443,177.20000000000002
4191219912,b,Ken,582,370.3636363636364
2816630439,b,Cammy,284,106.12099644128115
2528571327,b,Dee Jay,522,12.428571428571427
2625250179,b,Jamie,324,81.0
2818208126,b,Manon,183,83.32340425531915
1454790740,b,Jamie,159,79.5
2743284949,b,Dee Jay,499,99.80000000000001
2301080691,b,Jamie,167,58.086956521739125
4244080784,b,Dee Jay,349,194.52459016393442
2282799634,b,Marisa,258,132.68571428571428
4227166051,b,Manon,460,202.61904761904762
3055427232,b,Luke,448,267.0769230769231
2837318149,b,Ryu,350,170.625
3713162152,b,Chun-Li,195,90.94861660079052
3613612152,b,Zangief,299,183.5964912280702
1419540950,b,Marisa,245,105.60344827586206
4036782697,b,Juri,102,50.495049504950494
2275737483,b,Marisa,1138,853.5
3567804177,b,Marisa,736,292.8979591836735
2951817332,b,Kimberly,115,44.45378151260504
2017109972,b,Lily,481,209.46774193548387
3566530571,b,Dee Jay,114,54.72
3154133509,b,Dee Jay,254,122.11538461538461
1938540728,b,Dee Jay,602,159.35294117647058
2096115593,b,Dee Jay,138,63.651162790697676
1432898352,b,Dee Jay,595,307.7586206896552
2255901298,b,Dee Jay,186,82.52112676056339
1221933901,b,Dee Jay,1735,473.18181818181813
1364567038,b,Dee Jay,561,132.0
1299441960,b,Dee Jay,319,106.33333333333333
2746743839,b,Lily,312,156.0
4067058255,b,Blanka,755,314.58333333333337
3760055763,b,Blanka,174,78.3
2432942636,b,Juri,257,81.82187938288921
3135551225,b,Chun-Li,297,110.64705882352942
3820339577,b,Juri,103,20.51953125
3230807830,b,Juri,130,66.30522088353413
1742561141,b,Juri,549,320.25
1124716435,b,Marisa,537,268.5
1357815248,b,Marisa,502,329.26881720430106
2716807395,b,Marisa,555,281.90476190476187
2140900068,b,Ken,191,79.95348837209303
1420288434,b,Ken,110,35.17006802721089
1579930155,b,Dee Jay,665,254.9347471451876
2559055086,b,Dee Jay,100,50.0
4292345207,b,Dee Jay,723,375.6764705882353
4151831887,b,Guile,500,250.0
2742717304,b,Dee Jay,230,100.0
2106525139,b,Luke,112,67.55555555555556
4171046636,b,Dee Jay,227,120.17647058823529
4277097180,b,Lily,390,183.25301204819277
3793272407,b,Lily,858,438.9767441860465
1342316758,b,Chun-Li,261,80.35280898876404
2285621928,b,Lily,768,376.1632653061224
3607937689,b,Lily,193,101.57894736842104
4105817151,b,Manon,168,78.4
1431815154,b,Blanka,155,90.86206896551724
4100475267,b,Kimberly,128,66.37037037037037
2066825860,b,Kimberly,119,64.54237288135593
2163120487,b,Chun-Li,1056,622.2857142857143
3018682552,b,Chun-Li,91,35.2043795620438
3229938749,b,Manon,272,161.18518518518516
3471399544,b,Luke,286,85.8
3251865930,b,Zangief,220,114.78260869565217
4060787138,b,Luke,537,344.2307692307693
2398092927,b,Zangief,134,61.84615384615385
1067277409,b,Luke,720,328.695652173913
1888064378,b,Edmond Honda,855,466.3636363636363
2030694001,b,Zangief,363,145.39782016348772
1035909187,b,Zangief,255,133.875
2347606803,b,Marisa,281,160.57142857142856
1671009139,b,Ryu,970,452.6666666666667
3312186376,b,Ryu,463,117.58730158730158
2310645872,b,Marisa,587,326.11111111111114
1093500142,b,Edmond Honda,432,260.57142857142856
4290457957,b,Kimberly,210,90.81081081081082
4012636917,b,Chun-Li,195,94.86486486486487
2355501970,b,Chun-Li,738,322.5988023952096
1412272515,b,Ryu,441,165.375
1660262473,b,Chun-Li,193,77.2
2088285903,b,Manon,249,153.23076923076923
3962233681,b,Manon,254,143.93333333333334
3343489628,b,Manon,100,46.666666666666664
1031499466,b,Juri,367,130.72559366754618
2252169543,b,Ryu,561,290.1724137931035
1343740737,b,Juri,324,149.53846153846155
2003135024,b,Luke,98,53.6421052631579
3759942186,b,Luke,95,40.0
3967576823,b,Luke,324,147.4758620689655
2066488706,b,Luke,209,104.5
4076624756,b,Luke,1544,765.4017094017095
2401502149,b,Luke,226,91.15966386554622
1220485515,b,Edmond Honda,249,88.26492537313433
1787891189,b,Edmond Honda,269,186.23076923076923
1138429137,b,Ryu,486,275.0943396226415
3932481866,b,Ryu,448,241.92000000000002
3149837509,b,Ryu,513,171.0
1429645376,b,Ryu,372,136.61016949152543
4192970368,b,Ryu,90,30.983606557377048
2205994497,b,Ryu,627,57.0
2299440337,b,Ryu,121,38.61702127659575
3038168814,b,Ryu,261,120.7125
2460885526,b,Ryu,192,91.46781115879828
4253791365,b,Ryu,142,51.63636363636364
3277892555,b,Ryu,98,45.733333333333334
2533139422,b,Ryu,140,72.8
3734162613,b,Ryu,131,47.38297872340426
2665035621,b,Ryu,101,54.107142857142854
2383564307,b,Ryu,298,116.60869565217392
1881590466,b,Ryu,449,138.15384615384616
3736731767,b,Luke,259,0
1815730693,b,Luke,865,443.17901234567904
3319507053,b,Ryu,239,130.36363636363635
1209596932,b,Ken,300,125.6544502617801
4136147667,b,Ken,198,98.07476635514018
4195180946,b,Ken,122,62.418604651162795
2931891472,b,Ken,104,41.370165745856355
2658398618,b,Dee Jay,149,75.49333333333334
2488776678,b,Lily,878,401.0617283950617
1550809722,b,Blanka,974,644.9459459459459
1071583137,b,Cammy,369,192.52173913043478
3510750512,b,Cammy,147,57.83606557377049
3415630970,b,Cammy,152,55.46666666666667
3928217032,b,Ryu,145,59.944134078212294
2302167321,b,Edmond Honda,917,564.3076923076924
1473871557,b,Ryu,117,58.968
4191599522,b,Ryu,95,34.46078431372549
4023829458,b,Ryu,465,234.24812030075188
2267783158,b,Luke,228,105.52702702702703
4103348315,b,Luke,179,99.35321100917432
1088470973,b,Luke,442,132.6
1618883779,b,Luke,910,455.0
1749907078,b,Luke,434,18.869565217391305
2278353044,b,Luke,347,111.40526315789474
3897186457,b,Luke,421,165.0729483282675
3180286242,b,Luke,2769,1258.6363636363635
3628789457,b,Luke,142,64.54545454545455
3866878093,b,Luke,188,74.2716049382716
2820681353,b,Luke,909,363.6
1723588241,b,Luke,215,55.74074074074074
1442118297,b,Edmond Honda,298,115.88888888888889
3157084008,b,Ryu,162,72.38297872340425
3856092533,b,Jamie,235,132.45454545454544
2919297506,b,Jamie,345,173.85826771653544
3639000007,b,Jamie,192,75.42857142857143
4220724043,b,Jamie,166,56.18461538461539
2992818627,b,Jamie,504,298.66666666666663
2484720479,b,Ryu,440,196.8421052631579
1766282121,b,Random,184,72.15686274509804
1228480617,b,Ryu,226,93.05882352941175
1546706978,b,Kimberly,115,32.857142857142854
3541266854,b,Chun-Li,146,65.6510067114094
3227595193,b,Ken,818,364.65060240963857
3862080352,b,Manon,265,120.58201058201058
1661964530,b,Manon,395,216.86274509803923
3665756336,b,Manon,198,106.61538461538461
3662436433,b,Manon,122,61.0
2774389214,b,Manon,108,37.76687116564417
2593771512,b,Zangief,284,163.14893617021278
1509658172,b,Cammy,134,69.0
2786554657,b,Edmond Honda,349,161.78807947019868
1998529884,b,Edmond Honda,213,105.32967032967034
3852816393,b,Ryu,324,117.81818181818183
3700931289,b,Ryu,109,61.93181818181819
3611058042,b,Ryu,103,41.96296296296296
1648516236,b,Marisa,113,72.43589743589745
3047762279,b,Ryu,139,69.5
1570166492,b,Ryu,518,274.2352941176471
1727833379,b,Ryu,97,43.43283582089553
3940361526,b,Ryu,133,72.54545454545455
3192725082,b,Ryu,209,83.0
3250832244,b,Luke,254,46.18181818181818
2935398807,b,Ryu,106,53.204633204633204
3416068885,b,Ryu,202,84.25125628140702
2739194823,b,Ryu,462,182.0
2227722563,b,Ryu,346,185.06976744186045
3196261490,b,Ryu,447,223.5
3095817400,b,Chun-Li,699,316.5586206896552
1889644402,b,Luke,98,40.0
3210179128,b,Edmond Honda,942,680.3333333333334
1557794968,b,Edmond Honda,340,207.7777777777778
1279638108,b,Edmond Honda,235,97.91666666666667
2131588091,b,Edmond Honda,265,194.33333333333331
3633471519,b,Edmond Honda,872,479.6
1095250725,b,Jamie,563,331.1764705882353
1894450157,b,Jamie,291,102.65337423312884
1871991771,b,Marisa,107,41.56198347107438
1730869850,b,Guile,501,218.82758620689657
1999622050,b,Guile,1301,840.6461538461539
3478043528,b,Luke,156,81.71428571428572
3743188678,b,Luke,560,268.8808664259928
4106417564,b,Luke,729,286.11290322580646
3721888053,b,Manon,1095,677.8571428571429
2854549643,b,Luke,377,149.95518207282913
2231952322,b,Jamie,256,126.32314410480349
4277043169,b,Jamie,150,76.95167286245353
4153729970,b,Jamie,365,160.64066852367688
2448248075,b,Kimberly,95,50.94202898550725
2475295532,b,Kimberly,133,55.31308411214953
1264839983,b,Chun-Li,671,328.921568627451
1448131083,b,Ryu,490,235.66666666666669
3939525085,b,Ryu,143,87.04347826086958
2969674878,b,Ryu,117,38.66086956521739
3968467823,b,Ryu,128,92.50420168067227
3459142561,b,Ryu,475,235.23809523809524
2917450342,b,Ryu,170,85.91397849462365
3983821706,b,Ken,139,69.83253588516746
3326847865,b,Ken,208,98.36453201970443
4055766996,b,Ken,97,48.23783783783784
3909052225,b,Random,451,175.65263157894736
2483849674,b,Ken,218,103.45762711864407
4257168632,b,Manon,494,298.6976744186046
1747456309,b,Manon,402,201.0
3583798450,b,Manon,1689,0.0
3145901596,b,Zangief,530,316.52777777777777
3851490233,b,Manon,501,88.41176470588236
2763248311,b,Marisa,92,77.24064171122996
2134728874,b,Manon,237,96.0
1063641621,b,Marisa,458,216.94736842105263
3260790927,b,Manon,337,0.0
3450826773,b,Manon,908,353.11111111111114
2671740105,b,Manon,541,247.95833333333331
3189993400,b,Manon,464,209.80869565217392
3049735367,b,Manon,151,81.54
3304149542,b,Manon,165,66.4748201438849
1377170741,b,Manon,102,37.177570093457945
3443465908,b,Marisa,107,74.43478260869566
3349640603,b,Guile,95,32.13235294117647
3291463079,b,Luke,177,62.23287671232876
3525260235,b,Edmond Honda,178,91.78125
3679625102,b,Jamie,155,46.79245283018868
3486928176,b,Jamie,328,159.5191256830601
2659526632,b,Ryu,193,80.41666666666667
3178599150,b,Kimberly,281,122.37096774193549
1361177876,b,Kimberly,255,129.29577464788733
1313449505,b,Kimberly,98,53.45454545454545
1922802808,b,Ryu,156,83.57142857142857
1257648568,b,Chun-Li,853,342.41567695961993
4122568919,b,Manon,180,98.70967741935483
3891689244,b,Manon,90,40.22346368715083
4159710054,b,Ryu,420,216.92307692307693
1770715968,b,Ryu,468,190.66666666666666
3631201093,b,Marisa,289,137.61904761904762
3566360807,b,Marisa,107,55.3448275862069
4094018469,b,Jamie,1084,522.6428571428571
4159859125,b,Jamie,218,108.15503875968992
2551314954,b,Marisa,489,202.4765625
4211666612,b,Marisa,201,89.58857142857143
3133820022,b,Marisa,320,170.2127659574468
2665972077,b,Marisa,139,57.45333333333333
3282909083,b,Marisa,110,39.0
3097844125,b,Marisa,565,262.6056338028169
3393918646,b,Guile,136,56.0
1310626424,b,Guile,171,93.27272727272727
4020160802,b,Guile,298,142.52173913043478
4247468493,b,Guile,182,62.82233502538071
2075928532,b,Luke,147,78.62790697674419
3568713288,b,Luke,110,29.11764705882353
3490236042,b,Cammy,331,145.64000000000001
1865368678,b,Ryu,395,239.82142857142856
2559228577,b,Ryu,309,151.3469387755102
3312898643,b,Ryu,507,190.125
3810159240,b,Ryu,534,166.875
3713512514,b,Cammy,93,36.470588235294116
2741976754,b,Ryu,167,63.56401384083045
3988228324,b,Ryu,174,75.57575757575758
1897998474,b,Ryu,96,37.935483870967744
1862118580,b,Ryu,386,249.76470588235296
3343720055,b,Ryu,316,103.04347826086956
3121724721,b,Manon,1529,783.6125
1635942767,b,Zangief,705,376.0
2175310252,b,Jamie,861,303.88235294117646
3606649552,b,Cammy,128,39.27797833935018
1169805173,b,Cammy,120,51.674641148325364
2556003019,b,Cammy,122,58.0
3647507434,b,Zangief,130,65.0
3909598262,b,Cammy,413,165.20000000000002
2771711234,b,Kimberly,762,419.1
2926724061,b,Manon,285,157.76785714285714
3988034399,b,Manon,178,89.0
3281458053,b,Zangief,233,127.77419354838709
3760888273,b,Zangief,291,128.2183908045977
1824488565,b,Zangief,385,245.0
3476538486,b,Zangief,98,48.10909090909091
1779669320,b,JP,267,178.0
4195225246,b,Cammy,225,102.8810408921933
3083179093,b,Cammy,254,111.9322033898305
2198514521,b,Jamie,214,89.71538461538462
2256710161,b,Jamie,267,136.28125
1558426348,b,Jamie,447,181.48872180451127
1027767444,b,Jamie,1334,238.21428571428572
3364914648,b,Luke,567,396.9
1738544384,b,Luke,206,91.55555555555556
2120481580,b,Manon,422,200.79032258064518
1991219969,b,Luke,956,204.85714285714283
3895809108,b,Luke,215,90.16129032258065
1629358576,b,Luke,350,181.78294573643413
3908938814,b,Luke,323,161.5
2321732633,b,Luke,490,153.125
2129244171,b,Luke,345,106.90140845070421
2875377907,b,Luke,392,176.6153846153846
1692806801,b,Luke,240,48.0
2320637876,b,Luke,97,29.846153846153847
2455521844,b,Luke,117,55.170731707317074
2621437861,b,Kimberly,1066,594.1639344262295
2147492885,b,Juri,319,146.20833333333331
2262701189,b,Kimberly,254,155.22222222222223
2351205365,b,Chun-Li,140,70.0
3263044295,b,Manon,97,49.48979591836735
2421267396,b,Manon,304,139.84
4176297152,b,Manon,1591,802.5398230088496
2680167445,b,Zangief,214,130.955223880597
3351256328,b,Zangief,130,86.66666666666666
2583627538,b,Guile,278,137.95488721804512
3295802881,b,Ken,1247,516.1299093655589
2514238394,b,Juri,461,212.42156862745097
3430939064,b,Marisa,154,82.70370370370371
3312127424,b,Ken,329,173.1578947368421
1456677315,b,Ken,175,82.58426966292134
3554834032,b,Dee Jay,416,208.0
3367194869,b,Lily,540,237.148288973384
3902382671,b,Dee Jay,349,257.3135593220339
3598371114,b,Lily,299,181.21212121212122
4234406308,b,Blanka,181,75.5631067961165
3631116470,b,Dee Jay,175,105.0
3222894517,b,Dee Jay,801,362.84615384615387
3259563839,b,Blanka,321,252.0
3145392201,b,Blanka,104,50.73170731707317
3319732949,b,Juri,180,87.0
3725543418,b,Juri,184,71.81935483870967
1876328935,b,Dee Jay,812,162.4
1973621499,b,Dee Jay,144,82.28571428571428
2833108680,b,Dee Jay,153,72.47368421052632
2992383299,b,Juri,244,82.48863636363636
3506277287,b,Marisa,631,194.15384615384616
2010325952,b,Juri,502,167.33333333333331
1217153968,b,Ken,275,147.5609756097561
1244802188,b,Ken,197,43.77777777777778
1498155517,b,Ken,121,66.7051282051282
2576942926,b,Ken,724,387.49295774647885
2697467872,b,Ken,150,67.85714285714286
1536350104,b,Ken,308,149.33333333333334
3781826740,b,Ken,217,60.760000000000005
3411195286,b,Ken,367,193.776
1235256459,b,Dee Jay,447,240.69230769230768
2972257390,b,Dee Jay,272,113.33333333333334
2461958967,b,Ryu,536,214.4
3866133514,b,Ryu,246,101.67999999999999
4294719115,b,Juri,102,48.75
2949852090,b,Juri,229,98.01556420233463
3139658221,b,Juri,117,58.5
2540854530,b,Juri,98,49.0
2052485079,b,Juri,212,96.93782383419689
1337455927,b,Juri,307,153.5
3897796335,b,Juri,179,87.72772277227723
3160473090,b,Juri,333,171.0
1427873422,b,Juri,259,105.6789297658863
2297399226,b,Ryu,124,49.6
2850638872,b,Ryu,361,144.4
1881952179,b,Ryu,803,447.17964071856284
2457661321,b,Ryu,694,347.0
1818369958,b,Ryu,523,409.9189189189189
1825894366,b,Ryu,115,80.5
2248033365,b,Ryu,220,132.0
2080185150,b,Ryu,937,568.8928571428571
4039687798,b,Ryu,244,108.44444444444444
4225210670,b,Juri,299,121.92233009708737
3629398237,b,Juri,299,120.59116022099448
4116323590,b,Juri,826,202.87719298245614
3891286664,b,Juri,195,67.28070175438596
2058929122,b,Juri,132,66.53658536585365
3530040391,b,Juri,177,77.4375
1620923943,b,Dee Jay,293,146.5
1969208156,b,Dee Jay,150,50.5181347150259
3124917346,b,Ken,116,56.0983606557377
3033954726,b,Ken,510,267.14285714285717
3385285435,b,Ken,323,120.0
3308706905,b,Ken,180,96.30573248407643
3943527224,b,Ryu,335,216.1290322580645
2237043746,b,Ryu,215,129.0
2279851155,b,Cammy,101,62.10559006211181
3862202450,b,JP,633,295.4
3016832083,b,Zangief,526,236.16326530612244
1225998056,b,Zangief,810,381.1764705882353
3121720508,b,Zangief,143,69.38461538461539
3291100431,b,Zangief,169,113.81632653061224
3212377296,b,Zangief,211,111.36111111111111
1925292211,b,JP,388,179.8048780487805
1438470567,b,JP,102,47.40845070422535
3654207683,b,JP,137,89.05
1331900751,b,Zangief,493,262.2340425531915
1088976294,b,Zangief,230,135.9090909090909
2755784483,b,Zangief,170,78.27906976744187
2662145142,b,Zangief,229,107.07870370370371
4202858039,b,Manon,175,81.11979166666667
2163686193,b,Manon,125,61.27450980392157
3587782822,b,Manon,104,35.65714285714286
2470057422,b,Manon,509,291.74390243902434
2934829059,b,Manon,224,93.33333333333334
2442162087,b,Cammy,375,133.7527352297593
2276872887,b,Zangief,382,168.96153846153845
1570205414,b,Zangief,94,43.51851851851852
2160033664,b,Zangief,756,396.59016393442624
3829198593,b,Zangief,186,144.66666666666666
2402560534,b,Manon,168,82.70769230769231
2192356217,b,Chun-Li,171,40.078125
1887644279,b,Chun-Li,505,279.0789473684211
2231383593,b,Jamie,96,42.0
3841257531,b,Chun-Li,505,210.85964912280704
2280266072,b,Chun-Li,1764,656.1219512195122
1647993542,b,Kimberly,132,71.65714285714286
3005692919,b,Marisa,945,649.6875
3503848248,b,Marisa,399,199.5
4034798106,b,Marisa,109,55.1264367816092
3286675479,b,Guile,124,56.36363636363636
2885244967,b,Guile,157,98.68571428571428
2586929008,b,Guile,586,211.27891156462584
1930022882,b,Luke,141,64.625
3684139011,b,Luke,92,51.30769230769231
1778381439,b,Luke,710,321.10552763819095
1725515144,b,Kimberly,556,192.46153846153845
1062583014,b,Kimberly,168,72.93023255813954
4159988842,b,Ryu,1059,501.6315789473684
1533827475,b,Ken,117,61.57894736842105
1386190128,b,Ken,118,41.54929577464789
2334677768,b,Ken,236,96.35502958579882
3519641752,b,Ken,334,150.3
2021952076,b,Ken,165,80.96273291925466
2780023943,b,Ken,244,152.5
1329129876,b,Dee Jay,280,140.0
3046418961,b,Dee Jay,170,97.14285714285714
2519468854,b,Dee Jay,239,97.77272727272728
2249808352,b,Blanka,433,180.41666666666669
2989642099,b,Juri,516,321.2830188679245
1841805197,b,Jamie,185,63.36614173228347
2633624668,b,Ken,1689,800.0526315789473
2066546296,b,Ken,282,141.0
3470786197,b,Dee Jay,155,47.745535714285715
3383766283,b,Dee Jay,404,242.39999999999998
3644667261,b,Dee Jay,236,100.12121212121212
3365829232,b,Dee Jay,190,85.95238095238095
1215766992,b,Dee Jay,97,52.0
3300136508,b,Cammy,580,127.79661016949153
3354866583,b,Cammy,215,107.5
2274122173,b,Cammy,108,34.24390243902439
3370961589,b,Cammy,221,93.31111111111112
2315833090,b,Cammy,1326,608.655737704918
3345427841,b,Manon,124,58.125
1735727431,b,Manon,118,55.98540145985401
1593460293,b,Manon,125,52.51141552511415
1766611563,b,Dee Jay,106,53.0
3835492357,b,Zangief,446,257.5492957746479
4182982116,b,JP,226,105.9375
3972592395,b,JP,212,84.01481481481481
3166867184,b,Dhalsim,595,334.03508771929825
2582917351,b,Cammy,158,71.13744075829383
3372479898,b,Cammy,379,152.18911917098444
2803682400,b,Cammy,592,252.58666666666667
4077325365,b,Ryu,1093,546.5
1772225928,b,Ryu,240,130.9090909090909
2778428878,b,Ryu,228,80.52044609665428
2388126583,b,Ken,146,60.346666666666664
2411025430,b,Ken,490,194.46475195822453
1789478673,b,Ken,888,490.7368421052632
2919587697,b,Dee Jay,115,54.24528301886792
1405320354,b,Dee Jay,365,190.43478260869566
1702130194,b,Dhalsim,1031,98.19047619047619
1779212692,b,Cammy,1424,620.1290322580645
3719589505,b,Cammy,108,34.36363636363636
3150176784,b,Cammy,233,110.0
1908525545,b,Cammy,148,57.82325581395349
2189919840,b,Marisa,104,78.30588235294118
1431370725,b,Marisa,1129,326.1555555555555
2730073120,b,JP,674,306.3636363636364
4071857644,b,Ken,1925,773.6842105263157
1899225160,b,Ken,96,71.44186046511628
2354828934,b,Lily,1224,453.3333333333333
1209031341,b,Cammy,203,102.61538461538461
2563650576,b,Cammy,521,275.8235294117647
4101961388,b,Lily,949,474.5
3194950580,b,Cammy,139,74.52091254752852
1893714317,b,Marisa,156,72.48484848484848
2427095406,b,Ryu,128,65.5609756097561
3055264790,b,Ryu,304,173.7142857142857
3091323574,b,Ken,346,141.4679802955665
1756249502,b,Cammy,126,54.847058823529416
2784169537,b,Kimberly,109,61.040000000000006
2527447110,b,Zangief,1204,492.3420074349442
2783507981,b,Ken,154,71.95081967213115
4088437527,b,Marisa,106,50.52336448598131
4022799553,b,JP,645,339.4736842105263
1714933704,b,Cammy,196,117.6
2671018097,b,Ryu,153,82.875
2766932468,b,JP,837,438.42857142857144
2190307526,b,Ryu,110,45.76
3900444627,b,Ken,99,35.490566037735846
3536138167,b,Ken,115,69.0
2780857124,b,Cammy,116,66.28571428571428
2114760476,b,Lily,324,135.0
3392368685,b,Luke,631,277.64
3087297691,b,Juri,379,203.03571428571428
2568748951,b,Ryu,171,96.46153846153847
3024682286,b,Manon,596,186.30652503793627
2976402973,b,Luke,625,210.52631578947367
2294008044,b,Jamie,108,9.055900621118013
2064574848,b,Chun-Li,115,54.166666666666664
3510670159,b,Chun-Li,316,210.66666666666666
2558167009,b,JP,1178,541.2432432432432
2860080640,b,Cammy,429,224.85517241379313
1378021421,b,Ken,239,88.77142857142857
2841692901,b,Dee Jay,174,94.9090909090909
1496567840,b,Marisa,782,431.44827586206895
2861768218,b,Marisa,92,42.99065420560748
3263141634,b,Marisa,234,111.42857142857142
2179220192,b,Guile,1027,711.0
2238354213,b,Edmond Honda,225,88.00738007380073
3131190450,b,JP,368,210.28571428571428
2476037802,b,JP,670,275.88235294117646
2931783148,b,Manon,196,92.0
2013703187,b,Luke,134,62.325581395348834
2119216057,b,Luke,126,70.47457627118644
2391287359,b,Luke,175,94.11764705882352
3703880044,b,Ryu,654,261.6
1881763481,b,Luke,1253,313.25
3117874266,b,Luke,102,37.09090909090909
2481108559,b,Luke,468,195.0
3370344352,b,Luke,177,80.0
3986935128,b,Luke,182,81.046875
1890916019,b,Luke,202,116.94736842105263
3037548479,b,Luke,367,159.03333333333333
3664899297,b,Edmond Honda,412,196.19047619047618
1216616531,b,Edmond Honda,179,123.92307692307692
3754571837,b,Manon,719,359.5
2744447538,b,Manon,110,55.31791907514451
2031075074,b,Juri,457,191.44594594594594
1657222677,b,Manon,127,57.97826086956521
3488657335,b,Zangief,91,39.164556962025316
3007142458,b,Zangief,133,74.66666666666666
3214037450,b,Zangief,102,34.0
1472653321,b,Ryu,143,68.5
1687153193,b,Ryu,413,184.42138364779873
3544634607,b,Ryu,91,41.0
1387114346,b,Jamie,978,660.1500000000001
4210900792,b,Ryu,110,51.76470588235294
2584934615,b,Chun-Li,390,215.74468085106383
2940459599,b,Ryu,187,103.8888888888889
1245122977,b,Ken,315,134.04255319148936
2051009166,b,Ken,109,50.66197183098591
1911291850,b,Ken,909,325.86792452830184
2724269100,b,Ken,179,86.01298701298701
2058064842,b,Ken,375,184.74264705882354
1887045682,b,Juri,259,141.27272727272725
1627381330,b,Juri,363,165.50881057268722
3923139743,b,Juri,145,58.85294117647059
4023231990,b,Lily,762,434.0506329113924
3568974863,b,Juri,323,149.0769230769231
3340847603,b,Juri,241,122.67958656330751
2217206585,b,Juri,441,101.76923076923077
1607789595,b,Juri,609,295.17857142857144
2042705946,b,Juri,107,45.309446254071666
1631078399,b,Juri,116,58.99999999999999
1158347654,b,Juri,133,72.54545454545455
1108349740,b,Juri,138,82.46341463414633
1559837232,b,Juri,172,71.86854460093896
3479606378,b,Juri,235,52.22222222222222
4050902622,b,Random,551,316.825
3069366515,b,Kimberly,141,80.42957746478874
4261395987,b,Kimberly,366,168.85714285714286
3151531508,b,Manon,317,152.62962962962962
3618971896,b,Manon,401,226.5536723163842
2859633122,b,Manon,208,98.14718614718615
3588657848,b,Cammy,184,81.34736842105264
4196673642,b,Zangief,626,402.42857142857144
2135580390,b,JP,107,49.012903225806454
1312504909,b,Cammy,262,135.2258064516129
2875554623,b,JP,107,57.385474860335194
3227630810,b,JP,251,108.2088888888889
3512918214,b,JP,361,134.1554054054054
1033635248,b,Dhalsim,384,174.54545454545453
3349008666,b,Lily,958,398.12987012987014
2694063871,b,Lily,186,39.857142857142854
1311871523,b,Blanka,1082,577.0666666666666
3777635267,b,Ken,132,37.714285714285715
3407878594,b,Blanka,689,435.1578947368421
2942243977,b,Blanka,110,72.52747252747253
4191304994,b,Blanka,271,130.07999999999998
2471037244,b,Blanka,1801,900.5
4077231858,b,Blanka,725,362.5
2737909925,b,Ken,232,63.272727272727266
2876132586,b,Blanka,193,96.5
1912412252,b,Blanka,262,123.8021978021978
3027578067,b,Cammy,650,354.5454545454545
1457642736,b,Cammy,108,48.857142857142854
2458984718,b,Cammy,276,66.9090909090909
1223047017,b,Cammy,150,54.54545454545455
2413290330,b,Cammy,1400,466.66666666666663
1021148480,b,Cammy,92,31.007407407407406
1712575815,b,Cammy,425,199.21875
2996361752,b,Cammy,314,137.13469387755103
1595979790,b,Cammy,273,132.8841059602649
1729942531,b,Cammy,117,54.14876033057851
2329757372,b,Cammy,257,104.1891891891892
3878532766,b,Ken,359,174.22058823529412
2416139556,b,Cammy,844,241.14285714285714
2442386959,b,Cammy,217,74.80434782608695
4259371265,b,Ken,139,72.2077922077922
1157022482,b,Ken,295,147.5
3979562753,b,Ken,318,159.0
1218078199,b,Ken,242,102.32214765100672
3106956160,b,Ken,103,52.33064516129032
1761328086,b,Ken,182,101.11111111111111
3688997578,b,Ken,215,103.09941520467835
1781824235,b,Ken,221,95.43181818181819
2628613155,b,Ken,166,73.42307692307692
2900804615,b,Dee Jay,332,154.14285714285714
4081507162,b,Ken,184,83.54594594594595
4062892560,b,Ken,95,53.35616438356165
3305521522,b,JP,246,22.363636363636363
3290959605,b,Ken,171,53.06896551724138
3811291268,b,Ken,160,64.0
3897419733,b,Ken,959,423.978947368421
3294780718,b,JP,115,34.5
3381440323,b,JP,453,205.9090909090909
1010733755,b,Ken,696,174.0
2693734711,b,Ken,209,88.0
2208121037,b,Ken,627,216.08474576271186
1546449607,b,Ken,151,49.403693931398415
1712445275,b,Ryu,209,152.0
4174793953,b,Ken,217,90.2566371681416
1999844579,b,Ken,297,94.26768642447419
4131762865,b,Ken,927,353.1428571428571
4250116089,b,Ken,460,324.7058823529412
2649412286,b,Ken,367,170.24334600760457
4121344403,b,Ken,129,66.0
2003430195,b,Ken,114,58.285714285714285
1895970065,b,Cammy,249,89.85652173913044
1026517797,b,Ken,432,249.2307692307692
3781044083,b,Ryu,245,200.45454545454547
3587473293,b,JP,93,52.080000000000005
3428554286,b,JP,1017,0.0
2357595236,b,JP,445,291.55172413793105
2404034996,b,Ryu,229,124.9090909090909
1192038762,b,JP,586,53.27272727272727
4009937356,b,JP,328,93.71428571428571
2501763677,b,JP,111,67.83333333333334
1801303288,b,JP,1286,535.8333333333334
1002456104,b,JP,172,75.25
4292102966,b,JP,764,302.84684684684686
3161691134,b,JP,422,232.82758620689654
1252010419,b,Ryu,414,241.50000000000003
2898176701,b,Ken,485,213.85826771653544
2710064982,b,Ken,171,64.47540983606557
3827859502,b,Ken,190,82.45283018867924
1698602217,b,Ken,376,167.4160583941606
3335957897,b,Ken,271,116.48245614035088
3270669474,b,Ken,236,101.83561643835617
2348760338,b,Ryu,522,248.57142857142856
3157476925,b,Ken,181,75.41666666666667
2296625935,b,Ken,355,175.36144578313252
1308294660,b,Dee Jay,475,257.29166666666663
3683607140,b,Cammy,860,483.75
2228299792,b,Ryu,190,83.7062937062937
2096203701,b,JP,767,324.5
3140510434,b,JP,344,156.36363636363635
3863335857,b,Ryu,281,93.66666666666666
1989974012,b,Ryu,287,177.66666666666669
1603233701,b,Ryu,414,123.31914893617021
1197855746,b,Ken,211,98.16086956521738
1819040266,b,Ken,96,58.549450549450555
1674073573,b,Ken,433,208.48148148148147
3970248499,b,Cammy,1087,388.2142857142857
3273662096,b,Cammy,1074,646.2203389830509
2790533628,b,Cammy,532,266.0
2374262268,b,Cammy,1767,828.9629629629629
1239944064,b,Cammy,147,59.031496062992126
4039232083,b,Cammy,149,52.65413533834586
1228258906,b,Luke,229,116.03691275167785
3913553882,b,Luke,543,192.3125
1683398864,b,Ryu,375,142.67151767151768
2765723111,b,Edmond Honda,698,406.10909090909087
2514189093,b,Ryu,267,149.44029850746267
3883300845,b,Ryu,452,160.38709677419357
1217373875,b,Ken,96,48.0
3930155276,b,Lily,751,384.6585365853659
1725442361,b,Ken,133,63.01832460732984
3763510216,b,Juri,341,148.5
1695770787,b,JP,457,196.59622641509435
3068031448,b,Cammy,138,61.824
3796721308,b,Marisa,103,29.612499999999997
1764690472,b,Marisa,351,135.76415094339623
2334621958,b,Marisa,114,37.19491525423729
1707731357,b,Marisa,839,460.09677419354836
3488343038,b,Marisa,188,70.5
2609548195,b,Guile,252,112.0
1631862891,b,Cammy,271,109.6412213740458
4112925273,b,Cammy,497,214.3921568627451
4136014521,b,Cammy,507,251.03883495145632
1819477833,b,Cammy,225,97.6829268292683
2658912262,b,Cammy,795,357.11229946524065
1508939038,b,Cammy,307,143.26666666666668
3065180939,b,Cammy,300,136.36363636363635
3356147434,b,Cammy,151,67.61194029850746
3997868859,b,Cammy,257,117.23969072164948
3152648589,b,Cammy,240,56.074766355140184
1076514005,b,Marisa,98,57.711111111111116
3890549781,b,Marisa,110,40.26785714285714
1481630782,b,Guile,217,106.39999999999999
3205715827,b,Luke,255,98.35714285714286
3116986823,b,Luke,171,69.58441558441558
1947629304,b,Luke,142,53.58490566037736
1649297614,b,Marisa,1234,740.4
3129713453,b,Luke,98,59.79661016949153
2679692282,b,Edmond Honda,139,99.28571428571429
1840407546,b,Edmond Honda,768,400.695652173913
1688883109,b,Luke,393,178.63636363636363
2263074416,b,Luke,680,340.0
1541056638,b,Blanka,108,56.57142857142858
3470639875,b,Blanka,154,75.64912280701753
2044349020,b,Jamie,195,81.25
3326346724,b,Jamie,153,63.56521739130435
1601514104,b,Marisa,826,405.30434782608694
3543098168,b,Luke,106,58.300000000000004
3008264722,b,Luke,647,377.4166666666667
2494081180,b,Zangief,179,104.41666666666667
1185353838,b,Zangief,209,60.958333333333336
3812973096,b,Zangief,317,170.69230769230768
1619487195,b,Zangief,289,96.33333333333333
3968555715,b,Zangief,341,178.61904761904762
2143124153,b,Cammy,624,291.3719008264463
2297128473,b,Zangief,169,84.5
1778003284,b,Cammy,555,259.0
1568675102,b,Zangief,388,194.0
2214656946,b,Marisa,323,228.46341463414632
1274611896,b,Marisa,1298,619.8314606741573
2160741051,b,Manon,738,393.6
3090813307,b,Guile,112,50.90909090909091
2641032063,b,Guile,437,270.8169014084507
3121556900,b,Manon,153,76.5
1620191971,b,Luke,497,205.4527559055118
1308288843,b,Luke,311,183.77272727272728
1544669216,b,Luke,336,190.56716417910448
1283646230,b,Edmond Honda,141,55.47540983606557
3494649139,b,Jamie,94,39.16666666666667
1073313131,b,Jamie,93,41.13461538461538
1421077196,b,Kimberly,119,72.98666666666666
3518794423,b,Ryu,1483,635.5714285714286
2791757355,b,Ryu,151,57.13513513513514
2718889040,b,Chun-Li,148,67.50877192982456
2355978409,b,Ryu,245,111.36363636363636
1619477021,b,Manon,202,104.68613138686132
1709801225,b,Manon,409,212.68
3724219798,b,Zangief,444,246.66666666666669
3885163028,b,Zangief,92,60.58536585365854
2784475577,b,Zangief,842,505.2
3643760551,b,Dhalsim,522,235.327868852459
1892387651,b,Cammy,415,207.5
2882247134,b,Ryu,105,52.5
4160613207,b,Ryu,453,174.23076923076923
4003243339,b,Ryu,188,69.26315789473684
1867603639,b,Ryu,148,63.753846153846155
1416226531,b,Zangief,693,350.2258064516129
2834160983,b,Ryu,388,168.03149606299212
2072788134,b,Ryu,1484,809.4545454545454
1548464981,b,JP,176,53.56521739130435
2337636966,b,Ryu,91,53.083333333333336
1263689577,b,Ryu,1372,623.6363636363636
2503370999,b,Ken,163,67.91666666666667
2312477241,b,Ken,342,72.34615384615384
2707152000,b,Luke,181,110.93548387096774
2990512966,b,Ken,212,90.85714285714285
4014213810,b,Ken,290,108.8515406162465
1846618099,b,Ken,297,117.27692307692307
2833218022,b,Jamie,146,76.57843137254902
3381870037,b,Ken,711,164.0769230769231
2006205676,b,Ken,185,97.65251989389921
2019451762,b,Chun-Li,406,181.13846153846154
2535222399,b,Ken,327,186.85714285714283
3537099320,b,Chun-Li,772,520.2608695652174
1326105793,b,Ken,224,101.23843416370107
1279112554,b,Zangief,139,67.97810218978103
1883078188,b,Zangief,514,274.60273972602744
2647539183,b,Ken,175,50.0
3027337258,b,Guile,140,65.0
2495901555,b,Ken,194,68.01149425287356
3204154873,b,Guile,876,534.1463414634146
2428196388,b,Guile,3244,1777.9615384615386
2368114568,b,Zangief,97,64.16923076923077
2091109494,b,Cammy,2298,459.6
2366689487,b,Guile,703,326.9767441860465
2547593891,b,Guile,101,69.92307692307692
3007088053,b,Guile,186,104.16000000000001
2355686422,b,Luke,248,107.82608695652173
4241827241,b,Luke,343,224.26923076923077
3535308563,b,Luke,649,285.0964285714286
2518425938,b,Edmond Honda,553,342.33333333333337
1854899278,b,Jamie,903,438.6
1107486461,b,Jamie,628,238.01423487544483
1871172988,b,Cammy,225,112.5
1926584936,b,Cammy,280,130.36065573770492
1390467596,b,Cammy,119,59.91034482758621
3194099469,b,Cammy,719,320.5541666666667
1471337842,b,Cammy,316,176.96
3242718230,b,Cammy,563,298.05882352941177
2162635376,b,Cammy,205,89.50704225352112
2568953640,b,Cammy,490,188.46153846153848
1585970723,b,Cammy,105,59.618644067796616
4220425349,b,Ryu,813,424.17391304347825
1130525650,b,Cammy,181,106.3015873015873
2675900256,b,Cammy,150,75.0
4103602109,b,Cammy,644,237.26315789473682
4085665153,b,Cammy,1201,595.09009009009
1381379996,b,Cammy,507,283.92
1203098521,b,Cammy,572,396.0
2452633737,b,Ryu,433,189.056338028169
2415171854,b,Juri,92,35.2781954887218
1497090877,b,Juri,193,39.27325581395349
3746521228,b,Juri,128,50.98755186721991
3608280916,b,Marisa,723,324.3595890410959
2537626739,b,Marisa,158,63.9236641221374
1825198195,b,Ken,190,90.36585365853658
3976619580,b,Ryu,167,122.69387755102042
2445617449,b,Jamie,894,420.3576158940397
1467457723,b,Ryu,704,286.0698412698413
2754284041,b,Ryu,224,142.7450980392157
1040085831,b,Ken,750,403.8461538461538
1707031739,b,Ryu,103,72.03680981595092
1660072022,b,Ryu,110,85.55555555555556
4220423123,b,Ken,500,182.87037037037038
1573145122,b,Ryu,533,106.60000000000001
1796416236,b,Ryu,309,198.22641509433961
2838770965,b,Ryu,141,89.67364016736401
4180558410,b,Ryu,735,506.89655172413796
3598486362,b,Lily,291,190.8196721311475
1684843089,b,Blanka,303,144.91304347826087
3300772217,b,Juri,482,194.1205479452055
3977196216,b,Juri,131,54.090322580645164
2007343290,b,Juri,646,287.1111111111111
4108298689,b,Marisa,339,197.75
1246338905,b,Marisa,474,270.85714285714283
2436077497,b,Marisa,347,120.44628099173553
2040051772,b,Marisa,182,84.93333333333334
3168317174,b,Guile,164,87.72093023255813
3830057886,b,Luke,130,54.73684210526316
4038969003,b,Jamie,163,46.357798165137616
1149435581,b,Ken,488,190.12987012987014
3211642957,b,Ken,208,104.0
4082732426,b,Ken,993,543.7857142857143
2029101312,b,Cammy,259,99.30981595092025
1276780619,b,Cammy,151,52.77295918367347
1188706479,b,Cammy,233,121.35416666666667
3866623378,b,Kimberly,102,55.81132075471698
3127517807,b,Kimberly,1093,533.170731707317
2628812651,b,Jamie,511,281.42028985507244
1242143833,b,Guile,1230,647.3684210526316
3421963324,b,Marisa,988,548.8888888888889
4042512815,b,Marisa,733,369.92523364485976
2555137718,b,Ken,214,95.1111111111111
3710707139,b,Ken,150,64.02439024390243
1457450230,b,Ken,195,83.80165289256199
1250881575,b,Dee Jay,238,74.32280701754387
4150667832,b,Dee Jay,127,63.97744360902256
4053530312,b,Dee Jay,271,158.98666666666668
3093628809,b,Dee Jay,1101,428.1666666666667
3208194634,b,Marisa,140,47.82178217821782
2094618983,b,Manon,153,87.42857142857143
4000396561,b,Chun-Li,440,193.76146788990826
1610488902,b,Kimberly,155,77.5
2128468523,b,Kimberly,515,192.58764607679467
3880664239,b,Luke,303,160.56410256410257
1243484777,b,Luke,435,217.5
4127020604,b,Luke,165,91.15384615384615
1981019880,b,Luke,1049,550.2950819672132
2296041141,b,Cammy,114,53.90217391304348
3837062228,b,Cammy,148,59.06726457399103
3215031441,b,Manon,492,235.30434782608697
1537968248,b,Manon,98,45.733333333333334
1774283543,b,Manon,285,152.2159090909091
2686433401,b,Manon,175,100.0
1934243429,b,Manon,278,122.04878048780488
3361655601,b,Cammy,267,117.343949044586
2078299425,b,Cammy,269,77.7456647398844
3025457370,b,Cammy,292,109.69312169312168
1459500618,b,Cammy,288,84.08053691275168
2717822776,b,Cammy,138,45.646153846153844
2714818637,b,Cammy,410,224.21875
1549223286,b,Cammy,225,61.05527638190955
2159481301,b,JP,191,110.421875
3071112944,b,JP,555,310.1470588235294
2726468646,b,JP,143,60.0
2695311474,b,Ryu,183,78.42857142857143
1056558866,b,Zangief,1261,444.13982300884953
3389843670,b,Zangief,119,54.92307692307693
2334764790,b,Zangief,99,31.587548638132294
1322555802,b,Zangief,131,63.27966101694915
3936102880,b,Ryu,205,109.33333333333333
2896634854,b,Ryu,651,271.25
3299749272,b,Ryu,93,45.44318181818182
3614993198,b,Marisa,471,163.82608695652172
2707839911,b,Marisa,898,538.8
1491661036,b,Marisa,193,115.8
1853282007,b,Marisa,433,196.8181818181818
2760917412,b,Marisa,989,395.6
1260977367,b,Chun-Li,387,313.2857142857143
3902146032,b,Cammy,261,124.35078534031413
2322812401,b,Marisa,791,337.199203187251
1414929980,b,Ken,215,95.0
1022642151,b,Cammy,322,135.57894736842104
2041539135,b,Dhalsim,118,32.18181818181818
3153996187,b,Cammy,202,89.48534201954396
3352717777,b,Jamie,435,170.16176470588235
4279300096,b,Marisa,1144,176.0
2956327185,b,Ken,268,79.3457556935818
2843922792,b,Juri,1155,111.77419354838709
1093219210,b,Dhalsim,296,0.0
4176718205,b,Jamie,249,99.60000000000001
1356337786,b,Manon,188,69.52452830188679
1768927885,b,Marisa,526,191.27272727272728
3605107084,b,Ken,1817,825.9090909090909
2448794973,b,Edmond Honda,378,162.0
1982694102,b,Dee Jay,331,121.36666666666666
2825959355,b,Ken,1022,380.12398042414355
2337602028,b,Ken,349,145.32826747720364
3626139462,b,Cammy,343,131.92307692307693
1219599911,b,Jamie,457,124.63636363636363
2352615312,b,Cammy,105,45.40540540540541
3371769238,b,Dee Jay,132,78.22222222222221
1701640708,b,Ryu,96,43.47169811320755
3939801758,b,Ken,287,143.13670886075948
2382919927,b,Ken,277,123.89029535864978
2991845608,b,Luke,176,53.777777777777786
1775275610,b,Ken,809,359.55555555555554
3621219794,b,Ken,240,76.54485049833886
1024874973,b,Ken,718,423.62
3625730660,b,Ken,481,293.49152542372883
1365170630,b,Ken,96,29.96825396825397
2157592621,b,Ken,406,125.77676537585423
3219202752,b,Ken,379,189.5
2336745888,b,Ken,152,58.03636363636364
2403808974,b,Ken,169,74.82442748091603
1897904555,b,Ken,538,263.02222222222224
1944959167,b,Ken,334,58.94117647058824
2384412113,b,Ken,158,80.49056603773585
1937212838,b,Ken,185,113.05555555555557
1887308485,b,Ken,755,377.5
1170153254,b,Dee Jay,748,331.5
3763101244,b,Dee Jay,604,243.81651376146792
4210756468,b,Dee Jay,103,48.06666666666667
2727773626,b,Lily,297,120.63576158940398
3330462747,b,Lily,751,474.31578947368416
2717857765,b,Juri,359,131.00947867298578
4072499320,b,Juri,144,74.53266331658291
4073832895,b,Juri,152,79.66896551724139
1172799136,b,Juri,773,458.0740740740741
4152475516,b,Juri,489,218.06756756756758
2960940537,b,Guile,630,273.0
3638663056,b,Guile,497,358.30232558139534
1306815350,b,Luke,395,176.9945355191257
2323003107,b,Luke,385,165.0
2168282554,b,Edmond Honda,350,134.04255319148936
2199678833,b,Ken,93,60.25352112676057
2466718856,b,Ken,307,83.72727272727272
4075668319,b,Ken,466,134.6222222222222
2674444900,b,Ken,330,155.2941176470588
2277060763,b,Manon,704,448.7032967032967
1645151062,b,Ken,222,80.72727272727273
1321885509,b,Ken,195,93.40336134453781
3059731975,b,Manon,221,64.36893203883494
3933945605,b,Ken,407,180.66829268292682
1245101457,b,Ken,253,126.5
3151965004,b,Dee Jay,115,58.95569620253164
3967025796,b,Manon,323,134.16923076923078
3507319630,b,Blanka,256,118.20580474934037
2079563466,b,Juri,125,58.1140350877193
2223519548,b,Juri,156,79.83529411764705
1166866011,b,Dee Jay,593,269.54545454545456
3089310454,b,Blanka,93,59.18181818181818
4069638154,b,Juri,95,48.65853658536585
1934361422,b,Cammy,1543,690.2894736842105
2916436726,b,Juri,251,87.06273062730628
2580735470,b,Juri,627,326.24390243902445
2894389920,b,Marisa,110,60.0709219858156
3651622481,b,Marisa,115,61.62264150943396
2404570308,b,Manon,306,129.7173913043478
4291001720,b,Dee Jay,201,137.3985507246377
3109049743,b,Manon,126,58.752808988764045
1515563845,b,Manon,146,81.39823008849557
3590141101,b,Manon,434,155.7948717948718
1137068994,b,Manon,155,74.58646616541353
3613787142,b,Lily,796,238.79999999999998
3096375990,b,Manon,133,62.06666666666667
3724250092,b,Manon,97,50.608695652173914
1921928464,b,Cammy,216,102.53696498054474
1560627958,b,Cammy,706,615.1695906432749
3764610154,b,Cammy,114,67.12149532710279
3042755082,b,Cammy,281,156.11111111111111
2317789379,b,Kimberly,558,258.5853658536586
2987215467,b,Kimberly,240,0.0
2113036188,b,Cammy,269,136.29333333333335
3122618779,b,Ryu,1587,973.3599999999999
3404600676,b,Ryu,159,99.375
4134002944,b,Ken,126,70.41176470588235
1936897309,b,Ken,501,265.2352941176471
3856716771,b,Ken,324,171.055900621118
2496215491,b,Ken,271,142.6315789473684
2441686480,b,Ken,256,148.0
1380282723,b,Ken,1657,849.7435897435897
3786414341,b,Ken,125,53.125
4062954028,b,Dee Jay,557,206.29629629629628
2937311781,b,Dee Jay,119,83.3
3108702154,b,Random,1885,942.5
1467700136,b,Dee Jay,718,215.4
1578295439,b,Dee Jay,370,183.59848484848484
2108847499,b,Dee Jay,101,26.28767123287671
3547651722,b,Lily,267,133.5
1291744821,b,Lily,878,229.04347826086956
3772848486,b,Lily,585,292.5
2327861423,b,Manon,433,259.8
2610622710,b,Lily,931,449.98333333333335
1759127411,b,Lily,844,422.0
1938341477,b,Lily,404,108.39024390243902
1474125481,b,Lily,638,450.3529411764706
3772800158,b,Kimberly,804,61.84615384615385
1274390187,b,Kimberly,93,45.233463035019454
2352049808,b,Kimberly,959,620.529411764706
4126613458,b,Kimberly,130,62.627737226277375
1015779026,b,Kimberly,253,145.79661016949154
1888745718,b,Chun-Li,103,41.97899159663866
2812543923,b,Chun-Li,363,186.91791044776122
4070907638,b,Chun-Li,306,110.16
3533580729,b,Chun-Li,925,486.84210526315786
1684572435,b,Ryu,330,171.91616766467067
2387746705,b,Ken,297,126.0
2955757039,b,Chun-Li,377,203.3258426966292
3768687559,b,Chun-Li,326,116.83236994219652
3155539421,b,Chun-Li,243,55.148936170212764
2392337039,b,Chun-Li,476,164.13793103448276
3261650332,b,Ken,167,82.42948717948718
3961665910,b,Chun-Li,1553,597.3076923076924
1616631046,b,Kimberly,342,221.29411764705884
2266805407,b,Kimberly,725,427.8688524590164
3116553475,b,Kimberly,2538,1305.2571428571428
3495644841,b,Chun-Li,330,195.76271186440678
2147775127,b,Chun-Li,146,74.5531914893617
4239415275,b,Dee Jay,556,229.81333333333333
3261341471,b,Manon,328,168.43243243243242
3739308850,b,Manon,229,124.9090909090909
3540636746,b,Manon,365,212.91666666666669
2368989731,b,Manon,552,358.8
2124713881,b,Manon,115,52.92035398230088
3729991142,b,Manon,199,86.13432835820895
1207228726,b,Manon,184,98.41860465116278
4253007060,b,Juri,985,492.5
1597471004,b,Manon,101,61.903225806451616
1585942814,b,Manon,1453,612.4953846153846
1693097956,b,Cammy,263,139.2810650887574
1648147924,b,Ryu,431,242.4375
2443505253,b,Ryu,190,123.5
4050146981,b,Ryu,94,40.07751937984496
1663732460,b,Ryu,2074,638.1538461538462
3016023582,b,Ryu,435,186.9496855345912
2222535331,b,Ken,950,357.87671232876716
1960610732,b,Ken,370,173.62299465240642
1612405111,b,Ken,91,42.06603773584906
2162801265,b,Ken,106,45.505050505050505
1533314124,b,Ken,120,53.63636363636363
2171880991,b,Ken,122,57.75845410628019
3737520157,b,Ryu,203,91.0
3991644624,b,Ken,192,81.2760736196319
2599843682,b,Dee Jay,270,135.0
2734548481,b,Dee Jay,436,182.83870967741936
4007409995,b,Lily,188,103.4
3280318983,b,Lily,1101,550.5
3478047201,b,Lily,105,33.582995951417004
1066565875,b,Juri,112,41.674418604651166
3177900756,b,Juri,391,173.12935323383084
3508006173,b,Juri,1268,505.48648648648646
1094354435,b,Juri,193,83.57589285714286
3310869279,b,Juri,130,38.48
3372512780,b,Marisa,122,78.70967741935483
2245853725,b,Marisa,90,35.064935064935064
2378602052,b,Juri,134,76.57142857142857
3210591718,b,Ken,1474,526.4285714285714
1327803925,b,Juri,327,134.0
3350301074,b,Ryu,161,102.45454545454545
1785915395,b,Ryu,99,52.632911392405056
4043435289,b,Ryu,157,80.45273631840796
2761816372,b,Ryu,143,92.95
3900615205,b,Ryu,327,129.2591623036649
3636164824,b,Ryu,342,109.69811320754717
2917152209,b,Ryu,217,105.90430622009569
2992637699,b,Ryu,1161,426.8519710378118
2701640563,b,Ryu,661,295.5432692307692
4282451717,b,Ryu,754,370.71666666666664
1652435816,b,Ryu,533,247.76171875
3423856821,b,Ryu,306,122.4
1338606013,b,Ken,114,36.972972972972975
1013444871,b,Ryu,123,65.6
1386319002,b,Ryu,285,137.58620689655174
3010416112,b,Ryu,554,225.7037037037037
2024581691,b,Ryu,273,150.6206896551724
1532071257,b,Ken,112,51.82089552238806
3664166188,b,Dee Jay,294,169.6153846153846
2175710477,b,Jamie,538,0
2346185710,b,Jamie,600,136.36363636363635
2241317764,b,Lily,120,53.83177570093458
4179026257,b,Lily,326,181.62857142857143
1154696754,b,Lily,155,70.52910052910053
1250814733,b,Lily,190,116.92307692307693
2988874920,b,Juri,500,212.82051282051282
3378165835,b,Juri,99,56.33472803347281
3430870720,b,Marisa,99,43.5
3105489232,b,Kimberly,798,306.92307692307696
2989590790,b,Marisa,445,151.5934065934066
3351652671,b,Ken,227,98.94871794871796
3910305664,b,Ken,306,120.21428571428571
3999456840,b,Ken,407,152.27891156462587
2542774286,b,Ken,96,49.21008403361344
2079620514,b,Manon,680,277.19745222929936
1559445464,b,Ken,320,155.42857142857142
3242460319,b,Ken,192,102.4
2591963615,b,Ken,525,209.3137254901961
3559755747,b,Ken,228,91.2
3984772650,b,Ken,898,437.4871794871795
4289680975,b,Ken,291,115.0
2105514837,b,Jamie,277,111.95416666666667
1735553836,b,Jamie,384,85.33333333333333
3318125367,b,Marisa,135,64.43181818181819
2087600429,b,Jamie,291,110.85714285714285
3809935707,b,Jamie,535,203.0421686746988
2188711511,b,Jamie,127,52.29411764705882
4194269712,b,Jamie,347,130.39219712525667
2800730890,b,Jamie,950,411.6666666666667
1242663951,b,Marisa,1140,456.0
1431825462,b,Jamie,374,170.17989417989418
2073616522,b,Jamie,111,55.5
3564646451,b,Marisa,178,90.48333333333333
2870558439,b,Random,202,94.26666666666667
3363247652,b,Edmond Honda,502,319.45454545454544
1641711733,b,Manon,557,214.23076923076925
2578900020,b,Jamie,183,122.0
1050009446,b,Jamie,109,56.64566929133858
3693795485,b,Jamie,224,153.57575757575756
2344606241,b,Kimberly,134,56.4793388429752
3892678707,b,Kimberly,685,244.64285714285714
3740055195,b,Manon,99,44.461077844311376
1547609709,b,Manon,101,55.6231884057971
3870883831,b,Manon,575,175.69444444444446
3178180345,b,Manon,197,83.93913043478261
3222380619,b,Jamie,797,424.77472527472526
4069123405,b,Marisa,768,431.3424657534247
1363606135,b,Marisa,184,89.7
3410211232,b,Marisa,160,77.03703703703704
1091773192,b,Jamie,411,205.5
1445297444,b,Marisa,231,132.0
4052387543,b,Marisa,249,140.7391304347826
2360668107,b,Marisa,1275,667.8571428571429
1321806924,b,Jamie,1262,252.4
2908959970,b,Manon,347,231.33333333333331
2761401898,b,Dee Jay,276,187.1186440677966
2582064920,b,Dee Jay,897,575.0
2824413041,b,Manon,106,50.08791208791209
1395954274,b,Manon,319,210.07317073170734
2898420284,b,Blanka,403,226.6875
1201271877,b,Juri,238,112.8448275862069
1711213119,b,Manon,373,169.015625
3309462601,b,Manon,316,121.62589928057554
3565454167,b,Manon,463,300.64935064935065
1317222694,b,Manon,397,213.76923076923075
2065691501,b,Luke,519,244.23529411764704
1847638347,b,Manon,495,224.1509433962264
2434104168,b,Manon,405,250.71428571428572
1331152896,b,Jamie,979,293.7
2776266107,b,Jamie,434,0.0
2253039100,b,Jamie,217,110.40350877192984
4193465459,b,Jamie,459,229.5
1588702860,b,Jamie,386,170.85245901639345
1875214513,b,Jamie,134,72.0
1287253614,b,Jamie,112,50.285714285714285
3730964099,b,Jamie,201,103.640625
2217953001,b,Jamie,350,135.0
3682262869,b,Ryu,344,152.61971830985917
2922562895,b,Jamie,1033,397.3076923076923
1137990597,b,Ken,531,279.4736842105263
2896705904,b,Juri,598,253.38983050847457
3146276750,b,Juri,533,266.5
3764401861,b,Juri,359,143.6
2224037680,b,Juri,272,101.0
2546647962,b,Dee Jay,109,86.18604651162791
1037463109,b,Juri,147,44.67137809187279
3288816327,b,Juri,321,97.04651162790697
1567824163,b,Juri,192,98.18181818181819
2398486197,b,Juri,218,58.487804878048784
2310689157,b,Juri,916,549.6
2208816685,b,Juri,224,91.5764705882353
2950176563,b,Juri,656,243.3548387096774
4223179977,b,Juri,114,55.632
1593170035,b,Juri,195,83.02734375
1290721247,b,Juri,634,293.8048780487805
1507701738,b,Lily,421,280.66666666666663
2220311876,b,Juri,366,82.921875
4256021523,b,Juri,274,147.91150442477874
4042659296,b,Juri,145,46.563380281690144
3797859945,b,Marisa,275,159.88372093023256
1887391847,b,Marisa,99,55.53658536585366
1174673682,b,Guile,146,94.9
1023433039,b,Edmond Honda,308,196.77777777777777
2785976251,b,Juri,171,111.15
2999490818,b,Edmond Honda,320,228.57142857142858
3640018187,b,Edmond Honda,242,161.33333333333331
1915887858,b,Edmond Honda,1989,947.1428571428571
1605150939,b,Cammy,532,207.47048300536673
2020977507,b,Cammy,299,120.95226130653266
3745806323,b,Cammy,164,67.0909090909091
2905616592,b,Marisa,502,100.4
2433062948,b,Guile,683,136.6
3306813239,b,Guile,153,71.03571428571429
2842934806,b,Cammy,613,268.1875
2079870228,b,Cammy,289,144.986531986532
3866619987,b,Cammy,90,32.93814432989691
2109660345,b,Cammy,301,132.53909465020575
4114290555,b,Cammy,99,50.599999999999994
2726846380,b,Cammy,289,123.00000000000001
1729580226,b,Juri,235,98.85390428211588
3660500982,b,Guile,246,141.63636363636365
3798699553,b,Jamie,270,127.72455089820359
1927751055,b,Juri,108,46.62295081967213
1196487905,b,Juri,199,84.81967213114754
1036762487,b,Juri,377,179.52380952380952
2343578465,b,Juri,214,72.67924528301886
4109523577,b,Juri,286,136.08651399491094
3724605681,b,Marisa,468,201.5
3412749076,b,Marisa,485,209.05172413793102
1010947647,b,Marisa,187,89.75999999999999
1431391991,b,Marisa,219,73.0
2585650050,b,Marisa,465,201.5
3548370097,b,Cammy,404,134.66666666666666
1943240558,b,Guile,98,49.0
2651063996,b,Guile,994,298.2
3577413661,b,Guile,810,467.1165644171779
1344466488,b,Cammy,268,0.0
1728123388,b,Guile,944,555.2941176470589
1781298677,b,Guile,124,70.18867924528301
1637462055,b,Guile,1158,463.20000000000005
3931736570,b,Guile,611,234.08441558441558
1663373263,b,Cammy,288,144.0
3044038279,b,Guile,265,66.25
3565987091,b,Jamie,104,51.4639175257732
2166862618,b,Jamie,128,52.40944881889764
4196044991,b,Kimberly,120,58.666666666666664
2844309120,b,Kimberly,1324,442.8344671201814
3515170501,b,Kimberly,287,109.2979274611399
2271648359,b,Kimberly,265,111.91235059760956
4074596825,b,Kimberly,489,188.86221294363258
2967755983,b,Cammy,246,134.18181818181816
1168312437,b,Kimberly,235,96.76470588235294
1811070884,b,Kimberly,274,109.0
3031251790,b,Cammy,845,359.125
2088539509,b,Kimberly,179,93.76190476190477
1177958324,b,Kimberly,370,148.17745803357315
3190418765,b,Cammy,603,224.12389380530973
1857056917,b,Cammy,210,126.0
1726846332,b,Cammy,106,52.216748768472904
1608502245,b,Cammy,1046,523.0
1217277305,b,Cammy,93,53.653846153846146
1455706598,b,Cammy,393,199.83050847457625
3168881057,b,Cammy,454,295.34408602150535
1449889174,b,Cammy,277,103.35820895522389
4261483504,b,Cammy,360,180.0
1897048003,b,Ryu,436,170.6086956521739
3045874358,b,Dhalsim,500,136.36363636363635
2173523475,b,Cammy,327,86.55882352941177
2559627052,b,Cammy,344,125.0909090909091
3482340254,b,Cammy,516,242.8235294117647
2934811865,b,Cammy,113,55.6031746031746
2081275468,b,Cammy,156,22.285714285714285
1185075021,b,Cammy,551,202.0
4139505637,b,Cammy,304,135.71428571428572
2998377661,b,Cammy,410,164.0
3429651181,b,Cammy,133,63.76712328767123
1777614297,b,Cammy,300,136.63366336633663
3757701878,b,Cammy,449,84.1875
3288749527,b,Cammy,279,83.7
3862919128,b,Cammy,505,221.49122807017542
3798515204,b,Marisa,533,288.7083333333333
2258454336,b,Cammy,399,189.7865168539326
4055630958,b,Cammy,230,128.0188679245283
3598819245,b,Ryu,171,64.98
2165378659,b,Ryu,263,82.1875
3188492166,b,Ryu,91,52.0
1248078491,b,Ryu,150,84.375
2488029915,b,Ryu,567,229.05978260869566
1602904021,b,Ryu,660,381.3333333333333
2840559500,b,Ryu,120,43.41708542713568
3222979558,b,Ryu,1450,395.45454545454544
3324004014,b,Blanka,473,285.8791208791209
1209239772,b,Ryu,325,114.70588235294119
3936483420,b,Ryu,191,94.29113924050634
3020412022,b,Ryu,1016,501.702479338843
1840666044,b,Ryu,247,130.36111111111111
3430107545,b,Marisa,499,149.27350427350427
2919843453,b,Marisa,379,180.47619047619045
4203337886,b,Marisa,162,82.0
2710582296,b,Marisa,938,234.5
1116875727,b,Marisa,384,192.0
2791226449,b,Marisa,282,77.41176470588236
1153573776,b,Marisa,336,141.2173913043478
3808139129,b,Ryu,161,94.70588235294117
3057360669,b,Manon,291,136.94117647058823
1517351677,b,Ryu,157,75.85393258426967
2693082559,b,Manon,287,146.42857142857144
2974243007,b,Zangief,107,64.60377358490565
2371448891,b,Zangief,373,239.7857142857143
2110926446,b,Zangief,218,118.08333333333333
2375573181,b,Ken,258,129.0
2701132102,b,Ken,100,50.42372881355932
1743428304,b,Ken,418,223.17994100294985
3061803506,b,Lily,251,98.21739130434783
3334705598,b,Blanka,258,123.13636363636364
1915190236,b,Juri,701,382.3636363636363
2534117348,b,Juri,382,199.30434782608694
3762576419,b,Marisa,154,83.75438596491229
3192705054,b,Marisa,1025,652.2727272727273
3840847319,b,Marisa,336,201.6
3086312766,b,Marisa,1246,623.0
2793161391,b,Marisa,430,258.0
2979334655,b,Marisa,1046,485.64285714285717
3095761328,b,Marisa,894,206.30769230769232
1653960391,b,Marisa,379,174.92307692307693
3872846160,b,Marisa,146,66.15625
1827016785,b,Marisa,388,251.05882352941177
1838700379,b,Manon,694,288.2769230769231
1227326705,b,Manon,1911,796.25
2611986794,b,Manon,627,293.90625
1570839488,b,JP,285,122.76923076923077
1863841111,b,JP,493,230.22169811320754
1417367032,b,Cammy,169,62.10600706713781
1210103631,b,Cammy,164,37.26036484245439
4156001291,b,Cammy,322,127.79374999999999
3557000485,b,Cammy,360,180.0
2253963783,b,Cammy,113,56.5
3785421827,b,Dhalsim,98,25.128205128205124
3804478604,b,Dhalsim,461,153.66666666666666
1616240722,b,Dhalsim,122,53.17948717948718
1044451012,b,Cammy,283,101.53435114503816
1111929294,b,Cammy,735,395.7692307692308
2134226786,b,Cammy,681,272.40000000000003
3091986312,b,Juri,285,107.25806451612902
1315189115,b,Juri,209,83.60000000000001
3821235862,b,Blanka,541,270.5
1676246217,b,Dee Jay,91,24.594594594594597
3815287936,b,Juri,351,149.0
3715011454,b,Juri,428,110.24242424242424
3943975118,b,Ryu,1154,668.1052631578948
1622112108,b,Ryu,608,250.35294117647058
1191509579,b,Ryu,277,130.5235602094241
3427272440,b,Ryu,1383,642.3770491803278
1849306559,b,Ryu,974,88.54545454545455
1526649666,b,Ryu,383,146.89176470588237
3783475887,b,Ryu,506,194.6153846153846
3519103641,b,Ryu,759,58.38461538461539
3876336242,b,Ryu,401,200.5
2461784781,b,Ryu,719,239.66666666666666
4238212116,b,Ryu,153,54.642857142857146
2566645210,b,Ryu,580,354.61139896373055
1383940115,b,Marisa,279,127.54285714285714
3407563796,b,Marisa,303,151.5
3960093038,b,Marisa,340,154.54545454545453
2908166562,b,Marisa,170,86.77083333333333
1938567012,b,Marisa,926,77.16666666666666
3406918849,b,Marisa,302,146.8440366972477
2638367507,b,Zangief,2286,1039.090909090909
1792905280,b,Marisa,240,121.26315789473685
1910819779,b,Marisa,549,253.15
1113211650,b,Guile,1045,468.44827586206895
3132587474,b,Guile,586,390.66666666666663
3897327328,b,Luke,787,487.94
2911758772,b,Luke,103,43.453125
3526340587,b,Luke,679,362.1333333333333
2131433799,b,Luke,280,96.55172413793105
2758400847,b,Luke,94,48.07633587786259
3252833961,b,Zangief,133,68.3644859813084
1503547802,b,Ryu,1074,498.64285714285717
3720818292,b,Juri,1211,490.1666666666667
3365369481,b,Ryu,180,90.0
2688781672,b,Manon,189,77.42168674698794
1273240331,b,Juri,614,61.400000000000006
2813211383,b,Chun-Li,456,182.4
1322875942,b,Chun-Li,344,156.36363636363635
3083825706,b,Manon,499,249.5
2432699545,b,Manon,1020,340.0
2776190925,b,Zangief,304,128.96969696969697
3203611272,b,Juri,469,216.46153846153848
2793146053,b,Zangief,220,116.11111111111111
2766307259,b,Jamie,145,42.14666666666667
3675511213,b,Blanka,160,94.24657534246576
3387139043,b,Juri,227,81.5193370165746
1603103631,b,Cammy,264,114.0
2494951146,b,Manon,404,140.47961630695443
1272097551,b,Marisa,394,180.0
3277944435,b,Ryu,120,68.57142857142857
1130809753,b,Luke,126,74.78048780487805
1986955310,b,Zangief,223,112.60396039603961
2996138631,b,Zangief,174,105.0566037735849
1238280189,b,Ryu,360,221.53846153846155
3673256491,b,Chun-Li,473,218.30769230769232
3640873722,b,Edmond Honda,309,114.35433070866142
1782581433,b,Luke,859,0.0
3247471305,b,Juri,199,70.61290322580645
1851808347,b,Juri,486,243.0
3657496288,b,Juri,182,100.28571428571428
1301407775,b,Zangief,528,226.28571428571428
4077675556,b,Juri,127,88.66037735849056
3455023283,b,Juri,224,100.18909090909091
1353953162,b,Juri,460,230.0
3637341203,b,Juri,156,61.97260273972602
3224268209,b,Zangief,181,36.2
1257700785,b,Juri,142,65.7915057915058
2871338126,b,Juri,1115,446.0
2097111205,b,Juri,161,92.37704918032786
3614132661,b,Zangief,421,0
1331825861,b,Juri,160,78.13953488372093
2714750191,b,Juri,958,287.4
1340948688,b,Juri,291,134.93951612903226
2462854714,b,Luke,1152,238.3448275862069
1137573127,b,Cammy,353,132.5298245614035
3622127223,b,Cammy,133,58.656410256410254
4021437477,b,Cammy,212,117.49397590361446
1405985166,b,Cammy,637,424.66666666666663
1692427623,b,Cammy,241,95.13157894736842
1954834940,b,Cammy,228,140.30769230769232
1247211207,b,Ryu,137,53.608695652173914
2368348022,b,Ryu,219,94.18134715025906
3746480750,b,Ryu,288,201.6
2779899939,b,Luke,360,156.66666666666666
3257513287,b,Zangief,110,66.41509433962264
1841208663,b,Edmond Honda,371,222.6
3778217978,b,Edmond Honda,211,137.15
3259894169,b,Zangief,2571,1649.3207547169811
2931089557,b,Zangief,164,73.51724137931035
3289545897,b,Zangief,410,280.5263157894737
2477484246,b,Zangief,828,517.5
3233975374,b,Edmond Honda,514,228.44444444444443
3089983194,b,Zangief,122,83.875
1090149027,b,Zangief,1113,532.0682926829268
2924192842,b,Luke,459,218.10638297872342
4202266957,b,Chun-Li,520,255.27272727272728
2344443576,b,Luke,372,111.6
2044191011,b,Chun-Li,322,71.55555555555556
2625938285,b,Luke,97,52.90909090909091
1497750997,b,Luke,181,50.68000000000001
3063163395,b,Luke,265,87.01492537313433
2251291811,b,Luke,206,88.72659176029963
1214325283,b,Luke,391,213.27272727272725
3703918452,b,Luke,276,120.0
1566863510,b,Chun-Li,590,268.1818181818182
2176215140,b,Luke,599,338.5652173913043
2872608326,b,Luke,401,128.32
4006923293,b,Luke,253,101.46354166666667
1353882076,b,Luke,556,233.35766423357663
2765467734,b,Edmond Honda,220,133.91304347826087
2322388136,b,Edmond Honda,789,350.66666666666663
1499908760,b,Manon,622,320.71875
3045562793,b,Manon,495,276.864406779661
4066950682,b,Edmond Honda,226,137.56521739130434
1081576606,b,Manon,678,305.1
2654582616,b,Edmond Honda,1487,446.09999999999997
3533292361,b,Edmond Honda,870,348.0
1105243474,b,Edmond Honda,293,144.69135802469134
3627283641,b,Edmond Honda,112,55.624161073825505
2480870912,b,Edmond Honda,228,125.03225806451611
3246033967,b,Edmond Honda,363,151.25
2380084816,b,Edmond Honda,741,202.09090909090907
1893117185,b,Zangief,215,152.29166666666669
2845504026,b,Edmond Honda,1114,445.6
1068256651,b,Edmond Honda,179,89.5
4034266657,b,Edmond Honda,914,457.0
2432309870,b,Chun-Li,110,51.60493827160494
2097585067,b,Chun-Li,118,65.77049180327869
1500560346,b,Chun-Li,409,306.75
1245262453,b,Cammy,144,62.682352941176475
2547116021,b,Chun-Li,473,236.5
3778906783,b,Chun-Li,292,97.33333333333333
2745105124,b,Ryu,509,190.46451612903226
2494951941,b,Ryu,142,50.55497382198953
2026432619,b,Ryu,184,115.0
2007955073,b,Chun-Li,307,153.5
3293515679,b,Chun-Li,569,252.88888888888889
2029504743,b,Chun-Li,227,107.82499999999999
2435985368,b,Chun-Li,442,210.36363636363637
4023919885,b,Chun-Li,91,45.15267175572519
2441485047,b,Chun-Li,771,394.06666666666666
2975845002,b,Manon,103,47.53846153846154
3322070190,b,Manon,135,75.68181818181817
1017299807,b,Manon,134,67.0
3994767927,b,Manon,595,236.56626506024097
3717585439,b,Manon,419,255.0434782608696
1552514206,b,Manon,234,98.0
1693154145,b,Manon,386,152.9433962264151
1410229799,b,Zangief,196,86.44541484716157
1993153885,b,Zangief,477,278.25
3315438331,b,Zangief,92,47.21052631578948
4027773043,b,JP,99,49.5
2404219536,b,Ryu,770,415.8
1142498742,b,Cammy,400,141.93548387096774
2745999618,b,Cammy,203,143.79166666666669
1082457655,b,Cammy,379,208.07843137254903
2058717037,b,Cammy,320,124.92307692307692
2800402304,b,Cammy,171,86.91712707182322
2270817031,b,Cammy,158,88.27230046948357
1819592607,b,Chun-Li,1258,707.625
2477555467,b,Chun-Li,145,68.4472049689441
2925155010,b,Edmond Honda,523,334.72
2295759959,b,Edmond Honda,176,92.4
1820384322,b,Manon,193,67.55
4151040185,b,Manon,259,92.81569965870307
1328960444,b,Manon,108,51.65217391304348
3433630516,b,Kimberly,604,294.6341463414634
2018999313,b,Manon,306,149.52272727272728
2714247858,b,Ryu,299,119.60000000000001
3711215728,b,Manon,201,80.00970873786407
3531987496,b,Manon,132,73.92
3857558561,b,Zangief,169,96.57142857142857
3798987794,b,Zangief,95,54.6969696969697
1532565809,b,Ryu,761,443.9166666666667
3898652621,b,Cammy,156,85.41902313624678
1094022082,b,Cammy,180,89.0
2553593203,b,Ryu,211,109.6103896103896
1967252481,b,Ryu,1724,738.8571428571428
3333422646,b,Ken,101,54.24074074074075
2649307754,b,Blanka,270,93.1578947368421
2949226937,b,Juri,638,323.76119402985074
3098984622,b,Ken,92,57.31147540983607
2658614964,b,Ken,151,50.77876106194691
3261161437,b,Dee Jay,167,118.75555555555556
2848217486,b,Lily,193,114.88095238095238
2927463755,b,Marisa,423,244.89473684210526
2121443654,b,Blanka,137,72.52941176470588
4231097959,b,Juri,1687,660.8865979381443
3578523941,b,Edmond Honda,698,423.03030303030306
2627987574,b,Jamie,642,314.2421052631579
1669609071,b,Jamie,574,181.97639123102866
2584900975,b,Luke,159,65.72
3664713836,b,Edmond Honda,100,55.223880597014926
3263713187,b,Jamie,232,101.63809523809523
2580089910,b,Ryu,412,190.15384615384616
2518458740,b,Luke,565,157.86764705882354
3176553173,b,Ryu,471,197.16279069767444
2241800653,b,Ryu,131,58.95
2933520062,b,Ryu,972,486.0
4147355769,b,Ryu,231,23.1
1658740374,b,Manon,838,427.9148936170212
1153680477,b,Ryu,1329,560.671875
3793239639,b,Ryu,236,116.0
1155791193,b,Ryu,224,109.80392156862744
4034983504,b,Manon,107,73.21052631578948
3282937766,b,Lily,319,174.0
1107480803,b,Manon,159,66.25
2121822884,b,Juri,183,89.26829268292683
4008479632,b,Juri,134,67.0
3857048088,b,Manon,709,236.33333333333331
3688798404,b,Manon,223,82.1578947368421
2212278914,b,Marisa,375,240.56603773584905
3425893559,b,Marisa,150,81.81818181818181
3995946125,b,Manon,92,57.01408450704225
2623945179,b,Manon,299,127.86184210526315
2565512824,b,Manon,116,55.54929577464788
2170977581,b,Marisa,291,150.88888888888889
3703965892,b,Guile,244,101.56345177664976
1026517490,b,Luke,253,145.66666666666669
2666512922,b,Luke,144,69.79141104294479
3713091369,b,Luke,95,55.41666666666667
3533334913,b,Luke,558,245.89830508474577
3781555769,b,Edmond Honda,985,447.7272727272727
1118175665,b,Guile,495,306.42857142857144
4280365860,b,Edmond Honda,1638,885.4054054054054
2684274573,b,Luke,232,109.82248520710058
3734366803,b,Edmond Honda,689,319.89285714285717
1455596955,b,Edmond Honda,179,81.36363636363636
2126875897,b,Edmond Honda,245,137.8125
2169393883,b,Luke,976,650.6666666666666
2528172822,b,Luke,232,83.20675105485232
1886381323,b,Luke,1083,382.2352941176471
1207277017,b,Luke,235,71.7557251908397
3856082201,b,Luke,102,43.15384615384615
3640728595,b,Jamie,281,121.0
1290925277,b,Jamie,463,231.5
3526355527,b,Jamie,455,257.8333333333333
2156149052,b,Kimberly,135,49.7071129707113
3307974887,b,Luke,924,462.0
2259542788,b,Manon,621,418.8139534883721
3390733011,b,Manon,352,121.49253731343285
4079727666,b,Jamie,448,215.49367088607596
1513622283,b,Zangief,172,79.72916666666667
1066801247,b,Manon,135,67.10982658959537
2677840767,b,Manon,487,253.04901960784315
2263693074,b,Manon,325,173.33333333333334
1460248583,b,Manon,541,307.05405405405406
1163596365,b,Manon,96,46.52559726962457
2833848227,b,Juri,92,49.43283582089552
2727286036,b,Juri,2230,1393.75
3828798596,b,Juri,318,142.38805970149255
3157770740,b,Juri,213,111.45348837209303
3600004117,b,Marisa,187,65.8860103626943
2246995765,b,Manon,261,130.5
3568917738,b,Manon,466,279.59999999999997
3784617325,b,Marisa,230,112.79693486590038
2260983956,b,Marisa,1131,682.1904761904761
1712402463,b,Marisa,157,79.34408602150538
2740715546,b,Luke,261,112.46341463414635
3071506890,b,Manon,104,62.4
1681465777,b,Manon,156,87.25423728813558
2707021005,b,Edmond Honda,371,228.30769230769232
1136902822,b,Edmond Honda,131,63.07407407407407
1203517536,b,Edmond Honda,169,66.015625
1896628880,b,Edmond Honda,947,344.3636363636364
3904547289,b,Kimberly,206,91.55555555555556
2841216869,b,Chun-Li,528,218.74285714285716
1335279168,b,Edmond Honda,1600,727.2727272727273
4120289351,b,Chun-Li,733,215.58823529411765
2547301689,b,Edmond Honda,819,341.25
2638921714,b,Edmond Honda,296,155.92857142857144
1187359249,b,Edmond Honda,486,220.9090909090909
4059158000,b,Manon,1262,706.72
1139797707,b,Manon,336,151.20000000000002
3724790001,b,Edmond Honda,138,79.35
1897074777,b,Juri,169,67.3860759493671
1784319100,b,Juri,214,70.4472049689441
3160189497,b,Marisa,268,132.3658536585366
3884931899,b,Guile,184,73.97938144329898
2605024684,b,Guile,285,161.9318181818182
3790866134,b,Jamie,140,42.277227722772274
1134901818,b,Luke,422,204.97142857142856
3881063348,b,Manon,235,130.55555555555557
3161624095,b,Jamie,579,206.78571428571428
3639578172,b,Zangief,135,67.0
2957250308,b,Marisa,339,192.8793103448276
3386550144,b,Marisa,458,114.5
1437617769,b,Edmond Honda,426,245.76923076923075
2279985673,b,Jamie,276,100.8
1631198728,b,Jamie,340,166.70967741935482
3469601651,b,Jamie,358,138.8365650969529
3199452350,b,Jamie,183,56.370535714285715
1502623955,b,Jamie,113,48.83596214511041
3004911555,b,Chun-Li,299,136.66589327146173
3447208065,b,Chun-Li,565,282.5
1763586716,b,Chun-Li,252,79.57894736842105
2783230759,b,Manon,353,195.07894736842107
3332294528,b,Manon,128,66.01574803149606
2310289970,b,Manon,1236,571.8805970149253
3134671651,b,Manon,2067,318.0
2851323667,b,Manon,227,72.22727272727272
3283708724,b,Zangief,1070,657.2857142857143
3081220431,b,Zangief,422,191.0943396226415
3155993268,b,Cammy,168,65.71428571428571
1264577683,b,Cammy,166,105.63636363636364
1505390822,b,Cammy,299,152.2181818181818
3793565668,b,Cammy,316,149.42635658914728
3456573163,b,Luke,390,201.7241379310345
2387577960,b,Luke,524,203.77777777777777
2822506034,b,Ryu,186,68.88888888888889
1268055248,b,Edmond Honda,639,290.7808988764045
3697715343,b,Random,1888,269.7142857142857
2256512577,b,Kimberly,1101,602.109375
2559930845,b,Ken,861,372.3243243243243
2934048919,b,Kimberly,309,177.90909090909093
2716139543,b,Chun-Li,461,161.35
1002999252,b,Chun-Li,119,66.85393258426967
2412982517,b,Chun-Li,219,109.5
2120691854,b,Manon,144,73.01408450704226
3741524457,b,Manon,243,129.38961038961037
1561672880,b,Manon,500,203.7037037037037
3005539695,b,Manon,105,51.15384615384615
3041846249,b,Manon,90,58.90909090909091
3231586978,b,Manon,689,206.7
3908735188,b,Manon,103,36.66101694915254
3848937891,b,Manon,163,75.03174603174602
3399262110,b,Manon,280,98.82352941176471
4258171132,b,Luke,322,131.07964601769913
2886362439,b,Luke,707,437.05454545454546
1985145844,b,Lily,188,79.24663677130044
3834912130,b,Lily,339,175.34482758620692
1645335675,b,Lily,474,191.1290322580645
1549694284,b,Lily,180,84.375
1451473424,b,Blanka,195,90.82191780821917
3629095943,b,Juri,559,254.0909090909091
1575972664,b,Juri,147,101.37931034482759
1903946473,b,Juri,185,78.625
3468064838,b,Juri,1869,765.259842519685
1286275440,b,Marisa,306,177.1578947368421
4144146815,b,Marisa,171,100.58823529411765
2900523581,b,Marisa,196,98.0
4121071546,b,Ryu,164,77.26923076923077
2048240528,b,Ryu,315,157.5
3869753457,b,Ryu,474,232.61111111111111
3606035534,b,Ryu,563,263.90625
1507098182,b,Ryu,163,95.73015873015873
4206888165,b,Ryu,732,258.3529411764706
1909024177,b,Ryu,209,89.9493670886076
1319566300,b,Ryu,136,54.400000000000006
1952349592,b,Ryu,1019,195.96153846153848
1496487580,b,Ryu,348,81.70434782608696
1311844875,b,Ryu,1035,331.2
3729137121,b,Ryu,159,73.95348837209302
1117403688,b,Ryu,492,134.18181818181816
1239121197,b,Ryu,436,198.7016393442623
4122163165,b,Ryu,111,59.611111111111114
1587538992,b,Ryu,482,289.2
1338343125,b,Ryu,1012,461.1645569620253
1071863467,b,Manon,264,110.0
2572293594,b,Manon,779,398.55813953488376
2799353590,b,Ryu,96,37.752808988764045
1597913426,b,Ryu,222,86.54237288135593
2569497415,b,Ryu,187,68.0
2079767235,b,Ken,548,289.22222222222223
4080675689,b,Ken,1086,475.125
3073357445,b,Ken,236,141.6
3637359131,b,Ken,184,94.53211009174312
4108729519,b,Ken,287,133.0
3518594798,b,Ken,4949,1845.3898305084747
3228003051,b,Ken,211,94.73469387755102
2629396754,b,Dee Jay,280,107.44186046511628
1691216566,b,Dee Jay,155,80.90659340659342
4007103131,b,Dee Jay,119,47.6
3300198468,b,Dee Jay,92,48.50909090909091
3946453588,b,Ryu,189,73.02272727272727
1720688919,b,Ryu,133,55.71621621621622
2789491751,b,Ryu,673,258.84615384615387
1078914292,b,Ryu,185,118.515625
3334136912,b,Ryu,258,139.53061224489798
3332337799,b,Ryu,1043,681.9615384615385
1185788699,b,Ryu,126,60.0923076923077
4205099315,b,Ken,241,101.62650602409639
1322232435,b,Ken,162,98.35714285714285
3689912142,b,Ken,103,63.20454545454545
1281768632,b,Ken,148,58.22950819672131
2383672931,b,Ken,146,55.01449275362319
1121370759,b,Ken,723,251.47826086956522
2891228364,b,Ken,200,87.55020080321285
4167175856,b,Zangief,244,73.2
3501910526,b,Guile,198,99.0
1331237930,b,Guile,1242,496.8
2130987469,b,Guile,554,282.9784172661871
3940551060,b,Guile,600,371.42857142857144
2063364526,b,Guile,1445,578.0
3869355815,b,Ryu,612,301.2923076923077
1938674849,b,Dee Jay,227,113.5
1991171890,b,Dee Jay,115,71.57342657342657
2733829931,b,Dee Jay,162,94.14339622641509
3234022247,b,Guile,526,263.0
2509546879,b,Cammy,312,106.73684210526316
3533909678,b,Cammy,135,38.02215189873418
1095485394,b,Blanka,210,94.90384615384616
2489628603,b,Ken,214,98.0
2717029258,b,Ryu,717,350.76258992805754
2876312124,b,Chun-Li,211,88.40782122905028
4034946321,b,Kimberly,225,148.58490566037736
1617528482,b,Cammy,684,260.90721649484533
1266741268,b,Luke,195,17.727272727272727
1906925452,b,Guile,403,230.28571428571428
1940914540,b,Ken,96,48.786885245901644
2568325456,b,Manon,253,125.73333333333333
2782501144,b,Edmond Honda,632,255.48936170212764
1220542358,b,Guile,871,316.72727272727275
3100334875,b,Lily,791,483.3888888888889
2053350711,b,Ryu,895,440.91911764705884
1149149765,b,Juri,812,468.90140845070425
3562644293,b,Ryu,359,213.45945945945948
3081796469,b,Luke,328,155.36842105263156
1975086085,b,Ryu,102,40.800000000000004
4027798572,b,Jamie,106,66.44776119402985
3686334121,b,Ryu,527,227.71604938271605
3043008153,b,Ken,294,118.63157894736841
1979986299,b,Manon,172,117.6842105263158
4231415515,b,Manon,493,251.06481481481484
2383095918,b,Zangief,516,231.6734693877551
4204139269,b,Dhalsim,1546,628.0625
1112954935,b,Cammy,725,444.35483870967744
2449444794,b,Ryu,382,210.95522388059703
2563667046,b,Ken,137,63.487804878048784
2297629903,b,Ken,91,63.2816091954023
1985171908,b,Ken,111,59.442622950819676
4094468130,b,Lily,1193,602.6494845360825
1205171786,b,Blanka,244,134.3768115942029
4013679939,b,JP,217,116.84615384615384
2647450827,b,Juri,483,223.1323943661972
2231531150,b,Juri,109,61.0
1296288815,b,Marisa,524,277.11538461538464
4020250593,b,Guile,592,215.27272727272728
3352820361,b,Luke,445,161.8181818181818
1408307819,b,Luke,771,346.95
1414088086,b,Chun-Li,379,94.75
2492384620,b,Jamie,634,367.536231884058
3832075696,b,Jamie,138,74.56451612903226
1541464357,b,Random,2214,805.0909090909091
3747502160,b,Zangief,401,178.2222222222222
3686182703,b,Zangief,111,44.628865979381445
1725290200,b,Zangief,180,68.27586206896551
2339788806,b,Zangief,429,231.0
2066780253,b,Zangief,375,140.625
4246228156,b,Zangief,390,156.0
1504347212,b,Zangief,114,68.39999999999999
1392012273,b,JP,131,84.21428571428572
3642453727,b,Luke,405,253.125
3042717820,b,JP,275,27.5
3424691646,b,JP,126,84.0
2670414529,b,JP,102,56.22439024390244
2181276852,b,JP,377,138.23333333333332
1426032399,b,Jamie,153,88.9054054054054
1664983258,b,Jamie,132,61.395348837209305
2799773358,b,Jamie,2619,873.0
1452007822,b,Jamie,219,105.51818181818182
2960569453,b,Marisa,123,50.246808510638296
3879915981,b,Jamie,483,226.40625
4173842822,b,Luke,445,227.13541666666666
1086022702,b,Kimberly,604,251.66666666666669
4121947807,b,Luke,461,245.46753246753244
1408465771,b,Chun-Li,449,211.2941176470588
3844213580,b,Chun-Li,448,213.33333333333331
1624682120,b,Chun-Li,517,258.5
3876891421,b,Edmond Honda,531,260.0816326530612
3812628128,b,Manon,153,85.27868852459015
1182163602,b,Manon,141,100.71428571428572
4179029662,b,Guile,377,175.93333333333334
1078530633,b,Guile,176,94.90196078431372
4067467128,b,Luke,98,53.59375
2705906105,b,Luke,140,69.32692307692308
1715340980,b,Luke,330,160.28571428571428
2240417198,b,Luke,187,101.99999999999999
2211602535,b,Luke,110,81.4
3750373827,b,Lily,95,29.926739926739927
1858960518,b,Luke,794,433.09090909090907
2643337785,b,Luke,146,87.6
4138013591,b,Luke,142,60.42553191489362
3413719776,b,Luke,644,259.3888888888889
2703913279,b,Luke,266,169.27272727272728
2449874849,b,Luke,189,110.7
3440008726,b,Luke,454,243.2142857142857
1065403833,b,Luke,91,47.13850415512466
3383866233,b,Edmond Honda,332,276.6666666666667
3246210661,b,Marisa,416,179.11111111111111
1499679468,b,Luke,132,57.89473684210526
3536372255,b,Manon,305,165.61827956989245
1501405481,b,Manon,1656,662.4000000000001
4093420668,b,Luke,592,300.169014084507
3256505963,b,Luke,805,477.037037037037
3028110058,b,Luke,151,81.0
3754750517,b,Edmond Honda,338,201.8155339805825
1280137617,b,Manon,444,216.08
2294853458,b,Edmond Honda,554,299.6122448979592
1948723851,b,Jamie,93,43.11078717201166
3033231335,b,Random,136,82.3157894736842
1813742615,b,Kimberly,265,140.78125
2599300418,b,Chun-Li,169,85.05592105263158
3726605783,b,Chun-Li,207,95.53846153846155
3608449248,b,Dee Jay,235,106.81818181818181
2220103256,b,Dee Jay,937,374.8
2549491758,b,Dee Jay,1115,508.30882352941177
1025250814,b,Dee Jay,113,63.20338983050847
2930109013,b,Dee Jay,123,47.307692307692314
3082330895,b,Lily,179,69.75117370892019
