3083695988,i,Cammy,690,333.8709677419355
2049755936,i,Dee Jay,179,89.5
1007679906,i,JP,424,219.57142857142858
2156373360,i,Ken,102,44.54430379746835
1415032742,i,Marisa,116,53.166666666666664
3792694261,i,Ken,129,70.02857142857142
1024336847,i,Cammy,144,68.28865979381443
2994497749,i,Ken,155,65.17045454545455
2896596333,i,Ken,344,172.0
1100601845,i,Kimberly,271,82.12121212121212
2047396402,i,Kimberly,324,110.73417721518987
2412284301,i,Luke,107,43.0
2468995801,i,Cammy,264,95.8659217877095
2472376541,i,Luke,283,164.3225806451613
1911014180,i,Edmond Honda,296,113.55974842767296
1853907629,i,Jamie,340,75.55555555555556
3603129504,i,Luke,104,61.397590361445786
1567117072,i,JP,123,49.2
1453256666,i,JP,457,0.0
1278074181,i,JP,136,54.98765432098766
1650242281,i,Juri,175,71.15384615384616
1603427812,i,Juri,213,91.97727272727273
4025679667,i,Juri,98,50.53125
1310022519,i,Juri,250,90.9090909090909
3068632137,i,Marisa,354,151.7142857142857
3186583944,i,Marisa,102,31.67701863354037
1357802551,i,Marisa,611,279.73493975903614
2053607197,i,Marisa,639,350.41935483870964
4065683423,i,Luke,1153,749.45
2904405822,i,Guile,90,43.95348837209302
2280843465,i,Guile,143,66.09243697478992
1662712388,i,Luke,157,61.50515463917526
1264122915,i,JP,128,48.136752136752136
3885214793,i,JP,225,45.0
1862297746,i,JP,446,148.66666666666666
1435500136,i,JP,269,134.5
4120220307,i,JP,327,163.5
3308027115,i,Juri,145,65.9090909090909
1681616333,i,Juri,134,59.55555555555555
3522590250,i,Juri,120,57.0
4189172219,i,Juri,127,28.314754098360655
3070910475,i,Juri,467,175.125
1357200139,i,Juri,214,67.90384615384615
1607087216,i,Juri,94,34.42253521126761
1624369961,i,Juri,125,57.37704918032787
1869898567,i,Juri,408,148.36363636363637
3849618377,i,Juri,476,238.0
4082177087,i,Luke,286,107.61855670103093
3176649769,i,Luke,353,182.38333333333335
2574032380,i,Luke,160,72.22222222222223
1521659238,i,Cammy,223,105.30555555555556
2640172042,i,Luke,131,58.95
1254002085,i,Jamie,238,130.22641509433961
1220385067,i,Random,338,182.7027027027027
3354297274,i,Chun-Li,90,47.410714285714285
2305808173,i,Luke,318,134.31055900621118
3925706684,i,Luke,196,74.49446494464945
1236585005,i,Luke,341,153.45000000000002
1024454221,i,Luke,136,59.282051282051285
3079822513,i,Edmond Honda,179,91.91891891891892
2227382525,i,Edmond Honda,152,62.04081632653062
2401316855,i,Jamie,131,58.650326797385624
2143902067,i,Jamie,403,139.64418604651163
2552594898,i,Jamie,120,56.516129032258064
4217377838,i,Jamie,152,45.916666666666664
2977384710,i,Jamie,162,49.25675675675676
2909063170,i,Jamie,110,50.840336134453786
4246386664,i,Jamie,456,218.88
1972003202,i,Jamie,96,60.72727272727273
2727520752,i,Cammy,234,97.0
4147985887,i,Cammy,119,59.5
3543549201,i,Cammy,270,106.07142857142857
2619066085,i,Cammy,111,35.19512195121951
4098339860,i,Cammy,244,93.696
1618466779,i,Dee Jay,867,433.5
3211199494,i,Cammy,99,43.3125
3137914563,i,Dee Jay,178,138.44444444444446
3479984357,i,Dee Jay,811,243.29999999999998
1048117996,i,Ryu,165,88.84615384615384
1326714873,i,Dee Jay,143,51.07142857142857
4210267225,i,Jamie,214,71.33333333333333
1311753322,i,Jamie,101,25.25
3800821931,i,Jamie,213,93.62637362637362
2439683906,i,Jamie,950,403.75
3601324350,i,Jamie,619,214.93055555555554
3781546914,i,Jamie,294,116.93181818181817
3635487392,i,Jamie,342,110.51242829827916
2096985417,i,Jamie,218,82.1967213114754
4101554769,i,Random,195,101.29870129870129
2881079714,i,Random,813,348.4285714285714
3939841875,i,Cammy,382,157.2941176470588
1161958697,i,Cammy,183,71.41463414634147
1290353797,i,Cammy,384,133.42372881355934
2691956316,i,Kimberly,99,21.52173913043478
3301757379,i,Kimberly,119,36.61538461538462
2681625285,i,Dee Jay,748,299.2
2636103328,i,Dee Jay,150,75.0
1954718664,i,Dee Jay,104,45.76
1080514940,i,Ryu,207,73.72602739726027
2505806882,i,Ryu,334,171.17499999999998
3595064000,i,Dee Jay,133,53.2
3783642298,i,Dee Jay,460,209.70588235294116
3355206835,i,Cammy,525,212.65822784810126
2719465149,i,Cammy,128,58.074074074074076
3976471923,i,Cammy,207,126.50000000000001
2781761537,i,Cammy,1357,588.5783132530121
1984059722,i,Cammy,159,68.56875000000001
3284293208,i,Cammy,193,79.71739130434783
2802361131,i,Cammy,386,121.89473684210526
4254872119,i,Cammy,90,28.57142857142857
2979194373,i,Ryu,138,46.0
2457011890,i,Ryu,143,59.583333333333336
2241089601,i,Ryu,528,217.41176470588235
3064252748,i,Ryu,94,35.80952380952381
1198236912,i,Ryu,232,66.28571428571428
3754920967,i,Ryu,707,328.25
4238561680,i,Ken,499,322.88235294117646
2946384732,i,Ryu,284,87.78181818181818
1588003661,i,Ryu,688,366.93333333333334
4043947565,i,Ryu,107,73.5625
2249500973,i,Ryu,402,201.0
1229277417,i,Zangief,522,223.7142857142857
4284379644,i,Ken,102,34.304932735426014
1901636735,i,Cammy,152,76.0
2917928835,i,Ryu,769,477.3103448275862
2030829624,i,Ken,214,126.81481481481481
1298909417,i,Ken,151,57.78061224489796
1719608711,i,Ken,167,92.77777777777779
3976241871,i,Ken,125,68.9655172413793
1097421814,i,Chun-Li,206,97.76271186440678
2931170854,i,Chun-Li,117,39.78
2861444029,i,Manon,98,57.909090909090914
3466897604,i,Zangief,501,294.70588235294116
1945807374,i,Ken,212,106.0
2624271583,i,Ken,156,68.68656716417911
1063667064,i,Ken,237,68.94545454545454
1725448965,i,Cammy,336,197.64705882352942
1053419995,i,Ryu,145,58.78378378378379
1974072876,i,Ryu,137,78.28571428571428
1948192407,i,Kimberly,272,100.74074074074073
4214224666,i,Ken,284,161.1891891891892
3833468958,i,Kimberly,543,205.9655172413793
1917056158,i,Kimberly,329,126.8433734939759
4238153559,i,Kimberly,145,52.51968503937008
2068225448,i,Lily,228,123.49999999999999
4215381829,i,Kimberly,248,117.8
3911553074,i,Kimberly,112,40.280701754385966
2701248594,i,Kimberly,184,47.483870967741936
2776856383,i,Kimberly,843,254.49056603773585
1270200817,i,Chun-Li,90,41.186440677966104
2709280806,i,Marisa,475,271.4285714285714
2288063186,i,Chun-Li,247,112.66666666666666
2157100602,i,Chun-Li,128,31.0
2851394708,i,Chun-Li,137,42.38129496402878
3691530314,i,Chun-Li,175,71.5909090909091
3449500395,i,Chun-Li,93,28.805309734513273
3641955380,i,Ken,371,181.8627450980392
3653137161,i,Ken,280,112.0
1980295404,i,Ken,312,152.6451612903226
2303862686,i,Ken,108,58.90909090909091
1930988740,i,Ken,397,213.76923076923075
2807239673,i,Ken,183,80.0625
3647970095,i,Ken,195,47.755102040816325
2402463670,i,Dee Jay,514,299.83333333333337
3353388987,i,Lily,121,52.8
2033874743,i,Dee Jay,496,69.44000000000001
1493705597,i,Lily,168,104.0
2013710190,i,Dee Jay,257,114.54857142857144
1589323586,i,Lily,199,126.63636363636364
1262900831,i,Blanka,417,312.75
1360143367,i,Dee Jay,162,58.909090909090914
3542386558,i,Blanka,661,303.40983606557376
2723834686,i,Juri,642,183.42857142857142
2548236923,i,Juri,687,314.875
4091179122,i,Juri,407,166.01315789473685
3742916412,i,Marisa,711,381.51219512195127
3748654465,i,Marisa,527,306.0
3466416072,i,Ken,120,64.4776119402985
3365243514,i,Guile,349,178.37777777777777
2149924812,i,Luke,487,243.5
2055330045,i,Luke,168,59.5
2931543790,i,Edmond Honda,480,270.0
3479314908,i,Jamie,267,146.85000000000002
1368547463,i,Jamie,107,40.76190476190476
2514943394,i,Kimberly,241,84.0328947368421
2825688764,i,Juri,498,332.0
1696012521,i,Chun-Li,94,38.14492753623189
3741409530,i,Manon,137,82.2
2006204361,i,Dee Jay,386,238.03333333333333
1306266068,i,Dee Jay,272,181.33333333333331
1342955943,i,Ken,118,48.308724832214764
3184558692,i,Dee Jay,300,158.18181818181816
1183164829,i,Lily,197,111.34782608695652
2960127915,i,Lily,126,67.84615384615384
4145209844,i,Blanka,289,141.91964285714286
2475677574,i,Ken,268,97.45454545454545
1296734898,i,Ken,104,36.70588235294118
2955460342,i,Blanka,805,333.780487804878
2376102789,i,Juri,249,115.94656488549619
1928358526,i,Ryu,482,248.30303030303028
1316614328,i,Ken,140,60.15625
1250843943,i,Ken,186,69.86490939044481
1747404404,i,Ken,224,110.86868686868688
1489248953,i,Lily,107,48.15
2353528024,i,Lily,135,68.77358490566037
3492385665,i,Juri,164,62.16129032258065
2136233293,i,Juri,256,115.61290322580645
1885580419,i,Juri,230,135.0
4075006023,i,Marisa,345,159.23076923076923
1581288273,i,Ryu,200,133.33333333333331
3945374171,i,Ken,337,103.84302325581395
1146954599,i,Ken,114,48.317880794701985
2941266294,i,Ken,177,79.08510638297872
1053734067,i,Ken,149,74.5
1792515914,i,Ken,394,188.43478260869566
3389083639,i,Ken,184,92.0
3780628189,i,Juri,409,176.61363636363637
2208142667,i,Juri,237,97.58823529411764
1591409784,i,Luke,166,55.33333333333333
1319381902,i,Manon,181,78.27027027027027
1458035701,i,JP,96,53.581395348837205
2037456846,i,Marisa,229,128.42567567567568
3650058317,i,Guile,816,378.1463414634147
1634773257,i,Kimberly,115,52.27272727272727
3775118120,i,Cammy,219,127.75000000000001
3562035264,i,Ryu,200,85.0
1205141012,i,Zangief,311,162.26086956521738
3349354617,i,JP,400,213.33333333333334
3860034997,i,Dhalsim,141,51.27272727272727
4094892787,i,Ken,105,71.52173913043478
2960011252,i,Ken,114,50.666666666666664
1984195134,i,Cammy,314,107.9375
4119869135,i,Cammy,203,75.35606060606061
1296179613,i,Cammy,294,107.5609756097561
4080313933,i,Dee Jay,546,294.66666666666663
2671690284,i,Dee Jay,111,39.10227272727273
2308499082,i,Ryu,405,212.14285714285717
2611676843,i,Ken,167,63.01886792452831
2722310948,i,Dee Jay,631,295.012987012987
1727785323,i,Dee Jay,1138,700.3076923076924
3146172576,i,Juri,209,139.33333333333331
3336365849,i,Juri,322,135.24
1025615357,i,Juri,100,57.89473684210527
3176944515,i,Juri,215,122.85714285714285
3561339509,i,Juri,128,45.714285714285715
3502415566,i,Juri,1513,481.4090909090909
3837798350,i,Juri,1463,112.53846153846155
2187979984,i,Juri,292,172.327868852459
4287734686,i,Juri,249,91.60535117056855
1197806512,i,Juri,209,88.59782608695652
4000349550,i,Ken,413,247.79999999999998
1792948108,i,Ken,413,148.68
1779766158,i,Ken,166,74.41379310344827
3859820490,i,Ken,328,126.15384615384616
1825612313,i,Dee Jay,157,58.148148148148145
4050223366,i,Lily,141,89.72727272727272
1412454969,i,Blanka,2273,885.4127906976745
1938540804,i,Marisa,171,68.4
3563118173,i,Marisa,321,145.9090909090909
2968183598,i,Marisa,111,50.45454545454545
3859975284,i,Marisa,261,94.9090909090909
3986075964,i,Marisa,219,142.35
1370676318,i,Marisa,1357,779.5531914893618
2213866897,i,Marisa,145,55.769230769230774
1720346856,i,Marisa,426,147.46153846153845
4002678460,i,Marisa,117,54.975903614457835
2431904183,i,Marisa,876,266.60869565217394
1757423907,i,Guile,106,44.49382716049382
4245346350,i,Guile,193,105.27272727272727
2048386053,i,Guile,473,226.8861788617886
3390305253,i,Guile,244,113.70873786407768
3339456129,i,Guile,345,125.45454545454545
3885486212,i,Cammy,224,112.85496183206106
4107441182,i,Zangief,156,108.33333333333333
1751992309,i,Marisa,315,130.54054054054055
1196942443,i,Marisa,96,49.45454545454545
3535909427,i,Luke,93,52.64150943396226
2859228973,i,Jamie,255,179.44444444444446
2553957120,i,Jamie,155,64.0
3250503141,i,Cammy,225,81.67808219178082
2435526537,i,Cammy,193,100.98837209302326
3821802799,i,Cammy,107,46.0
3470078837,i,Dhalsim,367,162.32692307692307
3391573210,i,Ken,122,53.8235294117647
3638657310,i,Ken,135,47.25
3237736713,i,Ken,114,72.96000000000001
4187175337,i,Dee Jay,230,127.10526315789475
2081022475,i,Dee Jay,728,291.2
2872067331,i,Lily,800,335.48387096774195
1989842628,i,Lily,356,195.8
1966613767,i,Blanka,101,54.82857142857142
2626431647,i,Edmond Honda,144,78.0
2765408017,i,Dee Jay,118,50.295081967213115
3775759181,i,Guile,95,58.16326530612245
1092294061,i,Cammy,342,109.1042944785276
2371972909,i,Juri,397,153.38636363636363
2921209470,i,Jamie,206,38.625
3789528867,i,Luke,407,132.51162790697674
3551646953,i,Juri,190,90.47619047619047
1238781946,i,Luke,193,74.0
2089684643,i,Jamie,241,77.82291666666667
1450115374,i,Juri,138,42.41803278688525
1254064811,i,Kimberly,319,142.07563025210084
2098823301,i,Ken,2370,1077.2727272727273
4210276486,i,Jamie,292,165.2830188679245
1499579801,i,Cammy,165,72.90697674418605
2655079750,i,Manon,466,141.82608695652175
1940342249,i,Ryu,295,134.0909090909091
2419888945,i,Ken,154,60.26086956521739
3393728314,i,Manon,417,190.9156626506024
2429130889,i,Ken,297,143.0
2062755179,i,Dee Jay,810,454.7368421052631
3002891796,i,Lily,108,44.689655172413794
4238707110,i,Juri,1915,696.3636363636364
1644484467,i,Cammy,327,103.48101265822785
1108579102,i,Juri,111,40.5
3003359276,i,Marisa,140,69.1358024691358
1845633428,i,Marisa,437,201.6923076923077
2260671302,i,Luke,172,91.73333333333333
1299417087,i,Luke,156,118.56
3057235484,i,Ken,150,48.214285714285715
3853424339,i,Ken,620,328.2352941176471
1150337355,i,Ken,447,194.34782608695653
2852686198,i,Ken,377,57.121212121212125
1649458960,i,Ken,155,69.44444444444444
2772983695,i,Ken,161,69.90789473684211
2874062733,i,Ken,110,61.21739130434783
1710211611,i,Ken,371,149.43055555555557
1390107012,i,Ken,438,153.29999999999998
3899572494,i,JP,260,121.33333333333333
1697593862,i,Dhalsim,156,65.8348623853211
1064537190,i,Ryu,104,42.37037037037037
1793506246,i,Ryu,282,62.294536817102134
3364780949,i,Ryu,166,72.8780487804878
2488376599,i,Ken,480,87.6923076923077
2543865872,i,Ken,92,17.085714285714285
3788698652,i,Ken,154,67.57142857142857
3970428712,i,Juri,593,340.4259259259259
2643891102,i,Juri,144,33.83606557377049
3716789646,i,Ryu,211,93.55660377358491
1521693371,i,Juri,103,29.597701149425287
3568276711,i,Marisa,107,40.871244635193136
1155026385,i,Manon,438,157.68
2661838485,i,Manon,176,116.38709677419354
3221060488,i,Manon,1043,508.12820512820514
2342328734,i,Manon,108,39.0920245398773
3451977125,i,Dhalsim,107,45.31122448979592
3902976719,i,Dhalsim,154,54.67455621301775
1106915058,i,Cammy,130,53.39285714285714
2377164671,i,Cammy,1180,607.8787878787879
1842287232,i,Cammy,183,68.87096774193549
2928316535,i,Ryu,108,60.0
4293719379,i,Juri,175,57.06521739130435
2740906622,i,Ryu,179,96.38461538461539
3901096557,i,Ryu,160,76.36363636363637
1201459540,i,Ryu,293,131.07894736842104
3044254900,i,Ryu,344,176.64864864864865
3609762974,i,Ryu,128,71.11111111111111
3904096745,i,Ryu,230,132.42424242424244
1158919398,i,Manon,249,113.18181818181817
2595287849,i,Ken,823,306.75454545454545
4018941622,i,Manon,128,49.0
1649082517,i,Ken,96,35.0
1148758048,i,Dee Jay,193,78.95454545454545
4259438687,i,Ryu,426,165.22429906542055
4218553518,i,Lily,231,88.70400000000001
2236022546,i,Blanka,180,51.42857142857142
2309361759,i,Blanka,467,194.58333333333334
3797292021,i,Juri,110,36.28865979381443
2696367315,i,Ken,200,85.71428571428571
1693971638,i,Manon,121,50.840336134453786
3368925372,i,Manon,145,87.0
1598150777,i,Ken,248,67.82905982905983
4005507208,i,Manon,335,151.83453237410072
3376695869,i,Manon,536,178.66666666666666
2987746401,i,Manon,222,109.265625
2508599839,i,Manon,338,163.42857142857142
2347719565,i,Manon,467,233.5
1577271895,i,Ken,408,91.26315789473685
2319350769,i,Ken,533,185.3913043478261
3282946009,i,Manon,297,118.80000000000001
3969579846,i,Manon,182,66.94252873563218
4061932429,i,Manon,447,149.0
3450901712,i,Ryu,446,185.83333333333334
4091173926,i,Ryu,340,125.26315789473684
1285743024,i,Ryu,201,74.0
1871340525,i,Ryu,174,54.0
3949887567,i,Ken,586,243.83892617449666
2880330798,i,Ken,153,76.5
3561714814,i,Cammy,183,36.72240802675585
3435869723,i,Cammy,187,75.14953271028037
4090583197,i,Jamie,382,280.6530612244898
3894363023,i,Cammy,550,209.29203539823007
3326132693,i,Ryu,101,48.095238095238095
4194017081,i,Ryu,206,86.29729729729729
4123862906,i,Ryu,247,78.63673469387754
3682443890,i,Ken,127,46.46341463414634
2991923840,i,Manon,390,175.28089887640448
2964377524,i,Ken,151,45.75757575757576
1978296262,i,Ken,132,63.724137931034484
3518864918,i,Ken,110,71.1764705882353
2338936601,i,Ken,199,77.57627118644068
2075419198,i,Ken,261,142.36363636363635
3761676434,i,Ken,209,69.66666666666666
1548050565,i,Ken,1741,720.4137931034483
2874284865,i,Juri,1127,606.8461538461538
3216922198,i,Ken,100,23.076923076923077
1178636789,i,Ken,244,46.723404255319146
3395327991,i,Ken,388,184.76190476190476
3452978851,i,Ken,139,44.735632183908045
1209983168,i,Ken,172,66.58064516129032
2898223013,i,Jamie,172,56.01532567049808
2697207381,i,Jamie,94,42.204081632653065
1139129647,i,Jamie,231,102.66666666666666
3154006182,i,Jamie,108,39.65625
1040212743,i,Jamie,693,370.9014084507042
3916794380,i,Kimberly,99,45.69230769230769
2389498986,i,Chun-Li,106,40.05813953488372
1472367010,i,Manon,172,66.0
3628862328,i,Zangief,90,50.23255813953488
3637089839,i,JP,184,71.45631067961165
3192234187,i,JP,330,216.20689655172413
2491275630,i,Cammy,186,86.8
2654487592,i,Cammy,154,73.0
1427455243,i,Ryu,96,44.13793103448276
3252760371,i,Ken,145,57.049180327868854
3222048217,i,Juri,185,53.01169590643275
2236620088,i,Juri,390,52.72838002436054
1255283832,i,Juri,465,165.2284263959391
2560065220,i,Juri,100,38.83495145631068
1642471596,i,Juri,103,31.692307692307693
2738495380,i,Juri,183,113.58620689655173
1042334470,i,Juri,105,51.935483870967744
1781646220,i,Juri,414,129.60000000000002
3129526597,i,Juri,175,87.5
1685529157,i,Juri,173,64.0
2004538797,i,Cammy,93,41.0
3605254760,i,Cammy,120,65.45454545454545
1239631011,i,Cammy,198,70.96460176991151
2804970581,i,Ryu,550,271.23287671232873
2418770185,i,Cammy,730,190.43478260869566
2488337440,i,Cammy,140,65.625
1589163314,i,Ryu,116,49.19371727748691
1239912721,i,Ryu,255,148.75
2604247521,i,Ken,113,43.31666666666667
1857552715,i,Ken,109,53.06578947368421
2912310372,i,Ken,104,50.49710982658959
3908836013,i,Ken,95,48.83802816901408
2682291321,i,Ken,122,40.666666666666664
3436638765,i,Ken,137,73.06666666666666
2596880574,i,Ken,230,118.19444444444443
3693748157,i,Ken,101,34.15107913669065
3237473851,i,Ken,93,33.583333333333336
2978974291,i,Cammy,201,107.2
2465185803,i,Cammy,114,43.516129032258064
1672196689,i,Cammy,102,42.774193548387096
1859282856,i,Cammy,613,334.3636363636363
4081675605,i,Cammy,820,210.25641025641025
3369679012,i,Cammy,175,72.91666666666667
3655979362,i,Cammy,355,132.20689655172416
3694077621,i,Cammy,474,173.79999999999998
1316456979,i,Cammy,153,59.73287671232877
2408449330,i,Cammy,1171,613.3809523809524
2404061335,i,Cammy,1420,532.5
2146871866,i,Cammy,98,52.56363636363636
3789779148,i,Cammy,236,76.87878787878788
3155573850,i,Ryu,119,50.61940298507463
2088063670,i,Ryu,90,60.0
1061424288,i,Ryu,93,46.5
4066789808,i,Ryu,1618,441.27272727272725
1036603270,i,Ken,122,57.12138728323699
3208235691,i,Ryu,435,237.27272727272725
1369811129,i,Ryu,429,233.99999999999997
3084268043,i,Ryu,779,259.66666666666663
3013279426,i,Ryu,482,241.0
4283877494,i,Ryu,1290,339.4736842105263
1805327084,i,Ryu,412,262.1818181818182
2316377719,i,Ryu,179,48.81818181818181
3497530726,i,Ken,92,44.516129032258064
2982922021,i,Ken,257,143.13924050632912
3166195207,i,Kimberly,774,378.0
1775849042,i,Kimberly,223,53.34928229665072
2558448038,i,Zangief,527,190.00680272108843
3504450732,i,JP,94,25.117408906882595
3198185240,i,JP,100,39.8876404494382
2592567957,i,Cammy,116,49.07692307692307
1410019921,i,Cammy,94,52.875
2813652134,i,Jamie,573,228.49693251533742
2208393245,i,Chun-Li,132,63.06666666666667
1482038198,i,Chun-Li,203,94.16265060240964
1703884451,i,Cammy,112,39.199999999999996
1353868294,i,Manon,334,178.13333333333333
1818676215,i,Marisa,428,214.0
3957912592,i,Dhalsim,194,80.65168539325843
1848405469,i,Edmond Honda,190,99.672131147541
1502080562,i,JP,203,131.95000000000002
1928202555,i,Ryu,177,54.46153846153847
4078624839,i,Ryu,182,60.666666666666664
1660604463,i,Ryu,576,273.59999999999997
2466127796,i,Ryu,100,31.818181818181817
1278486324,i,Ken,303,89.96928327645051
3365432869,i,Ken,1062,547.0909090909091
2025894511,i,Ken,659,248.95555555555555
4223956786,i,Ken,122,64.05
2432431713,i,Dee Jay,277,106.53846153846155
2637198501,i,Blanka,1900,967.9245283018868
1586972531,i,Juri,713,402.2051282051282
1576856538,i,Manon,131,54.25252525252525
2756660836,i,Manon,448,266.3783783783784
2983983017,i,Manon,221,90.03703703703704
2614723197,i,Zangief,301,139.26865671641792
2432926078,i,Edmond Honda,449,224.5
3023575282,i,Jamie,413,118.0
3477075843,i,Kimberly,325,103.4090909090909
1378696817,i,Kimberly,700,393.75
3711105766,i,Kimberly,176,58.666666666666664
4208010805,i,Kimberly,178,94.44897959183675
1842441319,i,Kimberly,427,218.04255319148933
2339089190,i,Edmond Honda,168,84.0
3251097261,i,Juri,442,183.015625
1981528210,i,Juri,134,56.550458715596335
4205637028,i,Jamie,377,163.91304347826087
2911947032,i,Kimberly,331,192.4418604651163
2723749474,i,Manon,279,93.0
2400022743,i,Manon,199,105.59183673469389
3182247537,i,Manon,162,62.56551724137931
3935046190,i,Manon,555,131.44736842105263
2021394174,i,Zangief,139,72.07407407407408
2941482715,i,Cammy,555,328.88888888888886
1836975732,i,Juri,109,41.0983606557377
4114835311,i,Jamie,167,45.188235294117646
2960238671,i,Juri,112,75.3103448275862
2439296678,i,Juri,125,32.82374100719424
3332224107,i,Juri,654,252.6818181818182
2739179091,i,Juri,862,369.4285714285714
2417323723,i,Jamie,113,37.666666666666664
4100891910,i,Juri,147,51.449999999999996
3102685845,i,Juri,148,56.832
2122496368,i,Juri,109,50.307692307692314
2096001035,i,Jamie,887,354.8
1488944044,i,Cammy,1165,543.6666666666666
2232326033,i,Jamie,161,75.13333333333334
1958192116,i,Jamie,1614,640.4761904761905
3308577072,i,Jamie,358,168.47058823529412
3810712731,i,Jamie,499,264.1764705882353
1880137476,i,Jamie,149,40.975
1110202946,i,Jamie,701,125.17857142857143
3391257792,i,Jamie,105,30.625000000000004
3046134558,i,Jamie,707,396.91228070175436
2704691266,i,Jamie,1616,646.4000000000001
3369421502,i,Jamie,617,230.66743119266053
1390131100,i,Jamie,306,29.423076923076923
1885320382,i,Jamie,332,83.0
2104094064,i,Jamie,266,90.72868217054264
1706223673,i,Cammy,101,25.569620253164558
2448281043,i,Cammy,177,88.5
3297701727,i,Cammy,193,48.25
2205025272,i,Cammy,195,51.50943396226415
3757453495,i,Cammy,209,73.14999999999999
4001690577,i,Cammy,136,45.0
2616745824,i,Cammy,350,189.58333333333331
2518586002,i,Dee Jay,285,155.45454545454544
3767308260,i,Cammy,541,195.36111111111111
2000185379,i,Cammy,122,65.06666666666666
1657931586,i,Cammy,151,83.53191489361703
2803233330,i,Luke,347,173.5
3090409418,i,Jamie,550,370.9302325581395
1764439810,i,Dee Jay,587,0.0
2964459379,i,Dee Jay,717,195.54545454545453
2313175232,i,Dee Jay,139,47.08064516129032
4278742561,i,Dee Jay,220,157.94871794871796
3298088185,i,Dee Jay,580,316.3636363636363
3974017163,i,Dee Jay,128,52.705882352941174
3478762015,i,Dee Jay,599,336.9375
2781545379,i,Dee Jay,344,125.0909090909091
4181782446,i,Dee Jay,224,118.58823529411765
2984330778,i,Guile,831,404.8461538461538
1263259578,i,Guile,247,104.0
3541833104,i,Luke,161,99.93103448275862
3817271654,i,Luke,146,53.36551724137931
2284892156,i,Luke,149,59.6
1636174166,i,Luke,504,212.21052631578945
3401456237,i,Edmond Honda,117,47.950819672131146
3743616146,i,Jamie,364,91.0
1494760518,i,Jamie,226,66.68852459016394
2056698571,i,Jamie,180,82.10526315789473
3773143450,i,Jamie,862,391.8181818181818
3827373246,i,Dee Jay,243,61.14193548387096
2010169962,i,Zangief,123,73.32692307692308
2921927511,i,Chun-Li,288,124.80000000000001
1019298012,i,Kimberly,155,41.39204545454545
2596546861,i,Jamie,160,76.03960396039604
3759025818,i,Luke,585,312.0
3615568783,i,Luke,102,53.42857142857143
1322392875,i,Luke,195,100.45454545454545
2082230641,i,Juri,132,66.0
3766515181,i,Jamie,97,43.48275862068966
3452759842,i,Jamie,202,65.51351351351352
2001592863,i,Edmond Honda,548,295.07692307692304
1440877189,i,Jamie,609,236.14285714285714
2505296524,i,Jamie,91,34.357142857142854
3083405556,i,Chun-Li,641,249.27777777777777
2719429171,i,Chun-Li,175,109.375
3262364653,i,Manon,132,56.57142857142857
1763083728,i,JP,258,186.33333333333334
2069294665,i,JP,165,65.3125
1724334034,i,Cammy,95,37.14285714285714
1808479398,i,Cammy,341,126.48367952522254
3292552386,i,Cammy,321,113.07954545454547
2783688725,i,Cammy,249,100.6595744680851
4257776733,i,Ryu,464,189.03703703703704
3309493841,i,Jamie,96,13.430051813471502
2874205256,i,Jamie,221,64.42105263157895
3966830862,i,Jamie,543,136.72661870503597
2233815039,i,Luke,131,78.14035087719297
3988507988,i,Ken,507,253.5
1421557167,i,Ryu,163,99.21739130434783
3267513436,i,Cammy,164,31.238095238095237
2607762954,i,Cammy,121,55.0
4205762289,i,Dhalsim,209,116.11111111111111
1554072903,i,Luke,169,91.74285714285713
3382633994,i,Luke,142,50.36046511627907
3221995838,i,Luke,150,53.25443786982248
2478707277,i,Luke,176,86.85714285714286
3325430208,i,Edmond Honda,186,124.0
1332097026,i,Edmond Honda,530,176.66666666666666
3905997192,i,Edmond Honda,99,50.87499999999999
2541577767,i,Jamie,181,65.16
2520425395,i,Jamie,211,108.43055555555554
2026165103,i,Jamie,225,70.3125
1224018283,i,Luke,132,44.81481481481482
1625897310,i,Kimberly,216,80.0
2760902690,i,Kimberly,559,244.5625
3928981949,i,Kimberly,479,142.27722772277227
3446861802,i,Chun-Li,183,73.65185185185184
1519576955,i,Chun-Li,105,44.277108433734945
3947189159,i,Chun-Li,176,74.71698113207547
2722137062,i,Chun-Li,237,118.5
3658853813,i,Chun-Li,183,106.75
2611718318,i,Chun-Li,970,344.8888888888889
1643553012,i,Chun-Li,1293,591.0857142857143
1168074899,i,Edmond Honda,637,242.66666666666666
4116638255,i,Blanka,663,290.0625
3987779509,i,Edmond Honda,101,58.91666666666667
2713566114,i,Juri,150,78.84615384615385
3467818904,i,Juri,132,28.391061452513966
1378220017,i,Marisa,150,59.85221674876848
1914524565,i,Dee Jay,97,29.902255639097742
3192254176,i,Chun-Li,274,82.2
3771411333,i,Cammy,248,45.09090909090909
1145495906,i,Cammy,344,192.0
2851044311,i,Chun-Li,90,26.80851063829787
2286489883,i,Blanka,353,164.1860465116279
3146654892,i,Ken,120,55.08196721311476
3164580127,i,Guile,324,192.375
3971070492,i,Cammy,128,62.0
1247444409,i,Marisa,113,59.82352941176471
3012358916,i,Blanka,156,71.77914110429448
1387701362,i,Luke,133,48.58083832335329
3141211869,i,Luke,1416,590.0
4021067397,i,Manon,162,55.0188679245283
2416006161,i,Edmond Honda,330,119.70588235294117
4179136200,i,Juri,93,50.375
3444485867,i,Luke,96,48.0
4113558626,i,JP,892,382.2857142857143
1581200721,i,Jamie,145,43.3578431372549
3858194622,i,Jamie,278,113.96273291925466
2041066642,i,Kimberly,312,136.68571428571428
1451470353,i,Chun-Li,300,82.37288135593221
1269379965,i,Juri,901,356.2093023255814
3665943715,i,Dhalsim,270,75.0
1589745264,i,Jamie,398,125.68421052631578
3556673346,i,Jamie,97,36.16949152542373
2407535952,i,Cammy,343,128.625
3515319976,i,Juri,259,129.5
4228986514,i,Guile,411,188.83783783783784
1175146780,i,Juri,251,126.6952380952381
1050914070,i,Juri,613,380.48275862068965
1032445931,i,Marisa,731,351.96296296296293
1734766211,i,Marisa,220,91.03448275862068
1477950526,i,Marisa,260,126.06060606060606
3883524183,i,Guile,127,57.0
1279461104,i,Luke,306,105.92307692307692
2748322430,i,Ken,369,149.17021276595744
3541356227,i,Luke,207,78.91874999999999
2725441478,i,Edmond Honda,114,62.18181818181818
3301996633,i,Jamie,237,113.63013698630137
1587625309,i,Zangief,214,135.1578947368421
3909804504,i,Cammy,159,60.3433734939759
2925857803,i,Cammy,495,146.82203389830508
1627104034,i,Cammy,2213,663.9
3170153483,i,Cammy,197,64.69741697416974
1655242107,i,Cammy,97,39.23948220064725
3272848538,i,Edmond Honda,145,63.309859154929576
3337373444,i,Cammy,277,134.75675675675677
2661951527,i,Cammy,281,120.05572755417957
2280336659,i,Ryu,607,399.7317073170732
1998306067,i,Ryu,210,108.38709677419355
4236744143,i,Ryu,254,84.95270270270271
1803012423,i,Ryu,328,85.90476190476191
1670455947,i,Ryu,524,187.14285714285714
4087674222,i,Ken,356,187.36842105263156
3864123573,i,Ken,390,57.35294117647059
1508399073,i,Ken,329,149.54545454545453
4245132277,i,Marisa,1353,780.576923076923
2185200236,i,Luke,288,42.666666666666664
3970565625,i,Luke,128,51.64912280701754
2778608744,i,Kimberly,105,61.76470588235294
2234532145,i,Edmond Honda,123,64.12820512820514
1552401259,i,Jamie,877,315.171875
2109399299,i,Kimberly,218,84.53061224489795
2258585507,i,Manon,403,179.11111111111111
2329080242,i,Jamie,201,93.4225352112676
1672158233,i,Kimberly,289,102.0
4160319859,i,Zangief,414,169.36363636363637
3657863456,i,Kimberly,174,97.03846153846155
4146344934,i,Kimberly,138,39.33
4025785148,i,Kimberly,256,102.77372262773723
1699136466,i,Kimberly,217,105.30882352941177
3707222590,i,Juri,100,36.08247422680412
2547072381,i,Juri,1023,495.0
2681639915,i,Jamie,473,176.8781512605042
1635024891,i,Jamie,112,42.56
3770364353,i,Juri,108,37.00699300699301
2094564571,i,Jamie,200,37.5
1464869298,i,Jamie,500,50.0
1125425841,i,Marisa,1118,575.9393939393939
2454063685,i,Marisa,288,67.9245283018868
3050081813,i,Jamie,785,261.66666666666663
4180692486,i,Marisa,100,44.44444444444444
2493266187,i,Jamie,443,204.46153846153848
3258001113,i,Marisa,905,560.2380952380953
4193192842,i,Marisa,313,187.79999999999998
2446117602,i,Jamie,434,226.86363636363635
3295193579,i,Kimberly,561,330.0
3257375402,i,Manon,270,205.7142857142857
3373397652,i,Jamie,878,0.0
2678469644,i,Zangief,960,507.42857142857144
3106957862,i,Zangief,236,118.0
1320910079,i,Jamie,1005,335.0
3343449188,i,Zangief,1031,446.7666666666667
2213764897,i,Manon,152,76.0
2610849667,i,Zangief,270,189.0
1333633454,i,Jamie,300,116.66666666666667
1887403976,i,Jamie,938,263.8125
3152713880,i,Jamie,920,122.66666666666667
1932876403,i,Manon,427,155.27272727272728
2629254561,i,Jamie,165,66.0
3075878854,i,Jamie,368,139.84
1276735933,i,Jamie,176,81.93103448275862
3345824535,i,Jamie,691,316.7083333333333
1476615718,i,Jamie,213,59.85123966942149
1954904419,i,Manon,164,75.10280373831776
2744998393,i,Jamie,245,66.34328358208955
3552321214,i,Jamie,871,544.375
4135737408,i,Jamie,193,55.14285714285714
3840975217,i,Edmond Honda,666,333.0
2306173118,i,Jamie,827,472.57142857142856
2299423246,i,Jamie,426,191.46067415730337
4276344493,i,Jamie,117,37.01020408163266
4219947877,i,Jamie,526,0.0
2758081417,i,Edmond Honda,298,127.71428571428571
2360445855,i,Jamie,181,69.81428571428572
4198643526,i,Jamie,505,101.0
4292467130,i,Jamie,331,92.68
1586900119,i,Jamie,338,169.0
1950021895,i,Jamie,265,79.5
2969490473,i,Edmond Honda,831,369.3333333333333
1374591161,i,Jamie,1128,371.2405063291139
3779232668,i,Manon,451,245.99999999999997
1732956555,i,Manon,92,41.54838709677419
2278401886,i,Manon,162,70.09615384615385
1324121466,i,Marisa,126,57.27272727272727
1613243331,i,Manon,103,37.19444444444444
1701753020,i,Manon,572,232.375
3044229548,i,Manon,205,114.80000000000001
4085509776,i,Manon,587,187.15942028985506
2783784862,i,Manon,149,51.02739726027397
1552907305,i,Manon,215,86.0
3562634471,i,Manon,151,41.06694560669456
3460263853,i,Guile,1165,407.75
1540634513,i,Guile,230,146.7241379310345
1974622572,i,Edmond Honda,1022,434.64367816091954
1838463926,i,Edmond Honda,469,226.93548387096774
3930630047,i,Edmond Honda,514,308.4
1442679065,i,Edmond Honda,216,92.57142857142857
1818013530,i,Edmond Honda,118,47.2
3651553488,i,Edmond Honda,105,41.08695652173913
3022525794,i,Edmond Honda,443,126.57142857142857
3381732665,i,Edmond Honda,702,192.7058823529412
1322442038,i,Edmond Honda,559,279.5
1062595356,i,Edmond Honda,397,234.5909090909091
1140730650,i,Edmond Honda,408,144.0
3478728690,i,Juri,474,196.13793103448276
1869555946,i,Marisa,95,36.85344827586207
3598060500,i,Marisa,468,234.0
1239446353,i,Marisa,285,105.85714285714286
1484228963,i,Marisa,331,101.84615384615385
2741464160,i,Marisa,538,338.74074074074076
1386194832,i,Marisa,217,84.38888888888889
3228707107,i,Dee Jay,383,153.20000000000002
1975208624,i,Dee Jay,734,367.0
2763747570,i,Guile,104,47.27272727272727
4225555368,i,Guile,265,101.92307692307693
3109897724,i,Dee Jay,219,59.72727272727272
2692687394,i,Dee Jay,740,370.0
1609747369,i,Dee Jay,344,156.36363636363635
2239126402,i,Guile,242,100.83333333333334
1083571902,i,Dee Jay,334,123.43478260869564
3442452195,i,Guile,203,48.07894736842105
1059845934,i,Cammy,129,41.354066985645936
4172380805,i,Cammy,142,48.8125
2359553224,i,Cammy,186,52.264462809917354
2353392061,i,Cammy,198,46.04651162790697
3976996433,i,Cammy,130,4.814814814814815
2056019385,i,Cammy,379,151.6
2990752063,i,Cammy,241,113.41176470588235
3751637589,i,Ryu,114,49.565217391304344
2077037409,i,Cammy,95,28.5
2874550835,i,Dee Jay,301,117.05555555555556
3639328666,i,Dee Jay,1378,603.8426966292135
3168326224,i,Dee Jay,1015,338.3333333333333
3167092634,i,Dee Jay,255,46.36363636363637
3076963015,i,Dee Jay,161,80.5
3315590305,i,Dee Jay,179,80.24137931034483
1908554357,i,Dee Jay,156,69.33333333333333
2148889472,i,Dee Jay,524,209.60000000000002
1116616601,i,Dee Jay,331,116.82352941176471
3122443417,i,Dee Jay,674,240.47236180904522
1787733762,i,Dee Jay,192,77.02325581395348
4119486527,i,Cammy,114,35.71084337349398
3802339212,i,Cammy,241,80.33333333333333
4174337302,i,Ryu,200,64.51612903225806
3127888677,i,Ryu,633,225.7389705882353
1993429503,i,Ryu,440,176.0
1569938726,i,Ryu,123,32.8
1558090735,i,Juri,99,49.5
1165154406,i,Guile,111,89.19642857142857
1427523890,i,Luke,110,35.24271844660194
1296498566,i,Luke,159,63.6
4217560038,i,Luke,1065,450.1546391752577
3973535083,i,Manon,235,94.0
3823937187,i,Luke,426,165.38823529411766
1096973639,i,Luke,277,105.33802816901408
1206717043,i,Luke,773,338.1875
2986682799,i,Jamie,139,55.219178082191775
2471948158,i,Kimberly,107,26.376744186046512
1443799186,i,Chun-Li,375,127.6595744680851
2630762804,i,Manon,138,69.0
1867099259,i,Manon,597,208.95
4229169435,i,Juri,304,139.11864406779662
2446265475,i,Juri,267,133.5
1667277085,i,Juri,100,25.0
3873378939,i,Juri,279,124.0
3709520493,i,Luke,472,286.57142857142856
3568598176,i,Luke,168,56.0
3026457304,i,Edmond Honda,282,171.84375
1271329091,i,Juri,926,374.14141414141415
4101717935,i,Jamie,815,419.1428571428571
3650588293,i,Juri,172,49.935483870967744
1043897307,i,Kimberly,869,557.4716981132075
2892022498,i,Juri,132,22.0
1728686521,i,Chun-Li,656,204.17670682730923
3544278343,i,Chun-Li,343,171.5
1061134813,i,Chun-Li,1065,368.65384615384613
3056403675,i,Juri,332,142.8860759493671
1413293623,i,Juri,93,18.6
4242894538,i,Manon,187,74.8
3233414733,i,Manon,739,369.5
2556635197,i,Manon,159,73.99009900990099
1464652967,i,Manon,194,95.64651162790697
3586895253,i,Manon,125,34.090909090909086
2034609151,i,Jamie,436,206.52631578947367
1793515389,i,Manon,236,118.0
2567403649,i,Blanka,520,236.36363636363635
3231633904,i,Manon,272,149.16129032258064
2354511257,i,Manon,179,40.68181818181818
2255390034,i,Blanka,527,301.1428571428571
2635084487,i,Blanka,260,52.0
1039511480,i,Blanka,338,130.0
1749812001,i,Manon,254,145.14285714285714
3463273264,i,Edmond Honda,988,490.17054263565893
1183725538,i,Blanka,218,109.0
1331222521,i,Jamie,176,68.21052631578948
4292958570,i,Random,1283,622.0606060606061
2608839859,i,Blanka,522,261.0
2195281665,i,Kimberly,101,63.372549019607845
2047447691,i,Marisa,248,136.82758620689654
3942201788,i,Marisa,784,302.1666666666667
1945179424,i,Kimberly,544,247.27272727272725
3391775713,i,Chun-Li,242,100.83333333333334
2720304699,i,Ken,261,111.85714285714285
4207111335,i,Marisa,332,199.2
1917637043,i,Juri,198,63.45173745173746
3013719910,i,Marisa,647,376.43636363636364
1516134518,i,Luke,102,40.53846153846153
3437209468,i,Luke,195,69.78947368421052
1887451872,i,Luke,325,131.25
2891840161,i,Jamie,119,85.0
1196319789,i,Kimberly,120,58.604651162790695
3593423109,i,Blanka,91,39.151162790697676
1569876893,i,Blanka,92,52.57142857142857
1116431616,i,Blanka,111,48.88073394495413
2762175727,i,Blanka,257,128.5
3774025881,i,Blanka,133,66.5
2275873827,i,Blanka,164,98.39999999999999
3555895134,i,Blanka,258,103.2
2587605500,i,Blanka,245,86.47058823529413
1608639769,i,Blanka,1361,501.4210526315789
1223034281,i,Blanka,674,207.3846153846154
3186917502,i,Marisa,233,101.56410256410257
2600262700,i,Marisa,107,51.173913043478265
4014271230,i,Manon,107,44.05882352941176
4089549989,i,Zangief,212,149.9512195121951
1909164297,i,Cammy,299,151.25882352941176
3925728606,i,Cammy,115,46.71875
1823110346,i,Cammy,108,48.31578947368421
1075829022,i,Ryu,600,291.6666666666667
3348972410,i,Ryu,98,32.666666666666664
3246325471,i,Dee Jay,113,32.958333333333336
2210749819,i,Ryu,101,43.285714285714285
1025626058,i,Ryu,489,216.64556962025316
1557933542,i,Ken,527,156.39152119700748
2204594297,i,Jamie,485,242.5
2646649476,i,Jamie,153,69.21428571428571
3859509403,i,Jamie,294,113.80645161290322
2814448403,i,Kimberly,134,55.17647058823529
2957323644,i,Manon,718,335.5140186915888
3844224514,i,Juri,181,85.89830508474577
1494722244,i,Manon,202,88.46715328467154
1523926003,i,Zangief,733,366.5
1102337251,i,Guile,299,145.22857142857143
4095693766,i,Zangief,256,146.28571428571428
1651695416,i,Dhalsim,269,145.70833333333331
2146649137,i,Cammy,472,175.9526627218935
3410985381,i,Ken,267,116.08695652173913
1899544289,i,Jamie,356,0
1714400056,i,Marisa,123,48.627906976744185
3748216920,i,Juri,103,53.102222222222224
3191182878,i,Marisa,123,63.62068965517242
1197615732,i,Zangief,423,243.76271186440678
1164707982,i,Marisa,1394,782.0000000000001
3993494962,i,Luke,264,74.3756345177665
1191648833,i,Edmond Honda,215,86.49425287356323
3924650329,i,Jamie,226,111.26153846153846
3020202259,i,Jamie,180,66.80412371134021
2889589051,i,Dee Jay,866,136.73684210526315
1467059267,i,Cammy,210,132.6315789473684
1600316961,i,Juri,144,57.88235294117647
3873483746,i,Juri,1181,368.472
2130566660,i,Cammy,327,145.82432432432432
2830188140,i,Cammy,104,54.943396226415096
3564841788,i,Cammy,129,54.74013157894737
2806471761,i,Cammy,275,68.75
2640464382,i,Cammy,244,119.78181818181818
2931453929,i,Cammy,176,72.57731958762886
2239521834,i,Cammy,125,49.31972789115646
3154359616,i,Cammy,244,55.24528301886792
3091246129,i,Cammy,142,25.132743362831857
1507162141,i,Cammy,133,51.587878787878786
2825609925,i,Cammy,420,97.80821917808218
3347321340,i,Cammy,211,84.96644295302013
2588224914,i,Cammy,95,29.404761904761905
4040840600,i,Cammy,303,167.17241379310346
2066179004,i,Chun-Li,268,107.2
3632782905,i,Luke,351,188.03571428571428
1956155738,i,Luke,179,89.5
2865552686,i,Manon,107,44.44615384615385
1003416024,i,Manon,94,43.86666666666667
2856657415,i,Manon,608,280.61538461538464
3063704358,i,Chun-Li,601,50.08333333333333
1422907425,i,Juri,594,177.15789473684208
2641166789,i,Chun-Li,281,97.15425531914894
2302560428,i,Chun-Li,118,50.23762376237624
1206965695,i,Chun-Li,137,64.03260869565217
1438806225,i,Chun-Li,420,168.0
1543642886,i,Chun-Li,521,208.4
1772056110,i,Chun-Li,263,131.5
2270324388,i,Chun-Li,437,238.36363636363635
3602270959,i,Chun-Li,747,271.6363636363636
3430075872,i,Dee Jay,116,47.38028169014085
1266753438,i,Dee Jay,455,257.17391304347825
4006628453,i,Dee Jay,415,214.19354838709677
2831191796,i,Juri,97,31.077669902912625
2628386119,i,Juri,209,81.18181818181817
1833833900,i,Juri,289,77.06666666666666
2550996485,i,Marisa,101,39.27777777777778
1219783104,i,Cammy,431,116.72916666666666
1053420591,i,Cammy,109,51.5
2880174475,i,Cammy,542,230.63829787234042
1335276658,i,Cammy,101,45.61290322580645
4259278826,i,Cammy,244,33.27272727272727
1481122281,i,Cammy,565,256.8181818181818
2091816693,i,Lily,324,51.1578947368421
2169590682,i,Lily,292,94.70270270270271
2419139933,i,Dee Jay,121,73.33333333333333
1395143464,i,Dee Jay,119,49.12844036697248
3581715516,i,Dee Jay,92,32.23931623931624
3000124809,i,Ken,374,205.0074074074074
3724197777,i,Cammy,1253,444.61290322580646
3293413444,i,Guile,657,404.3076923076923
2018821671,i,Guile,552,292.2352941176471
3721059566,i,Guile,327,157.44444444444443
1391471881,i,Marisa,230,86.86695278969958
3261293573,i,Dhalsim,242,80.66666666666666
2400616316,i,Juri,242,88.56701030927834
3093993541,i,Blanka,115,60.96385542168675
1618796168,i,Blanka,225,124.13793103448276
3668247576,i,Cammy,133,58.2808988764045
3628954102,i,Cammy,906,273.50943396226415
1494008970,i,Cammy,119,41.36363636363637
1818369169,i,Ryu,911,492.43243243243245
1638671991,i,Ryu,270,120.78947368421052
3132643853,i,Ryu,266,172.11764705882354
1909376149,i,Cammy,581,158.45454545454544
2024824500,i,Ken,404,220.36363636363635
2401341105,i,Cammy,185,63.221288515406165
3535764013,i,Ken,728,336.0
3464087481,i,Cammy,299,110.53939393939393
3265112148,i,Juri,306,65.57142857142857
3706822934,i,Random,116,34.8
2050664704,i,Chun-Li,309,181.76470588235296
1287602509,i,Ken,702,436.8
2015436740,i,Random,181,60.33333333333333
1852597881,i,Ryu,123,58.82608695652174
3767054231,i,Random,275,154.6875
3775532914,i,Random,149,91.6923076923077
3641698232,i,Ken,368,147.20000000000002
1303422528,i,Luke,119,42.765625
1490901657,i,Dee Jay,260,130.0
4207740785,i,Guile,448,224.0
3068746483,i,Manon,284,180.72727272727272
1360850530,i,Juri,98,28.152727272727276
3838778583,i,Luke,586,315.53846153846155
2930603246,i,Ken,220,93.28
2415078465,i,Dhalsim,331,116.82352941176471
2042730352,i,Dee Jay,296,130.9230769230769
3378110072,i,Lily,137,53.515625
2851788633,i,Random,128,62.69387755102041
3477754085,i,Cammy,729,266.05839416058393
2584483552,i,Random,479,0.0
2792718960,i,Random,307,111.63636363636364
2825275336,i,Random,237,166.77777777777777
2693825566,i,Random,242,100.83333333333334
1637981098,i,Random,694,416.4
1414004428,i,Random,447,143.67857142857144
1418268915,i,Random,185,72.3913043478261
2244515608,i,Random,390,85.60975609756098
2780999385,i,Kimberly,180,81.81818181818181
3899718676,i,Kimberly,131,85.15
3558266643,i,Juri,311,151.5128205128205
1555146834,i,Marisa,107,47.32692307692307
2643733002,i,Marisa,554,256.1505376344086
3095341291,i,Luke,141,50.555921052631575
2128834608,i,Luke,395,230.41666666666669
4098645266,i,Jamie,440,241.29032258064515
3886203338,i,Zangief,105,45.69444444444444
2246682095,i,Zangief,98,66.64
1759923492,i,Zangief,124,67.90476190476191
3813602947,i,Dhalsim,415,122.05882352941177
1202077765,i,Cammy,90,35.526315789473685
1704098617,i,Cammy,721,209.74545454545452
3363050546,i,Cammy,112,55.16417910447761
1351197225,i,Cammy,840,337.1830985915493
2548288182,i,Cammy,99,50.285714285714285
3680713287,i,Cammy,124,55.11111111111111
3898160910,i,Cammy,218,93.27363184079601
1094649013,i,Ryu,184,66.18181818181817
2097209996,i,Ken,237,97.33928571428571
2572811976,i,Jamie,494,164.66666666666666
1487040964,i,Ken,122,52.72361809045226
3176313226,i,Jamie,827,472.57142857142856
3533142797,i,Jamie,239,102.82558139534883
3295152197,i,Ken,258,56.87096774193548
3445936814,i,Ken,112,38.76923076923077
1133661609,i,Ken,102,57.73584905660377
3929077603,i,Ken,282,144.4390243902439
2423049061,i,Ken,131,29.987951807228914
1039962139,i,Ken,98,39.2
3348508771,i,Ken,181,56.31111111111111
1595931332,i,Lily,95,29.299065420560744
4056093408,i,Juri,111,48.30555555555556
3431447672,i,Juri,642,285.3333333333333
1587388703,i,Juri,107,52.142131979695435
1334089502,i,Marisa,601,261.8217821782178
2065697301,i,Luke,139,64.53571428571429
2870279880,i,Luke,228,76.0
2611167887,i,Luke,135,55.0
2250388960,i,Edmond Honda,139,57.91666666666667
3730170778,i,Luke,522,234.9
3724859075,i,Jamie,199,73.3157894736842
2746631451,i,Jamie,116,48.333333333333336
2626781166,i,Jamie,425,191.66666666666666
1480528047,i,Jamie,575,132.6923076923077
1284180075,i,Jamie,652,183.57281553398056
1559165128,i,Jamie,579,187.7837837837838
3814375809,i,Jamie,335,160.34188034188034
2028449209,i,Ken,138,39.18518518518518
1924118096,i,Juri,637,115.81818181818183
4018990525,i,Ken,403,226.6875
1953097417,i,Ken,106,54.23255813953489
3063021164,i,Ken,276,118.70967741935485
2455969661,i,Ken,143,92.52941176470588
3575647133,i,Dee Jay,311,165.86666666666667
2117783571,i,Dee Jay,175,70.94594594594595
1806968009,i,Juri,100,32.5
2305110232,i,Marisa,126,81.0
3531361802,i,Luke,252,94.5
3046634200,i,Kimberly,643,296.7692307692308
1700107864,i,Chun-Li,130,43.855421686746986
4200602615,i,Zangief,261,130.5
4034462691,i,Ryu,206,147.14285714285714
3791929291,i,Juri,123,26.674698795180724
1865474714,i,Juri,166,75.04109589041096
4067904481,i,Juri,302,123.54545454545455
1541202014,i,Juri,199,70.47916666666667
3957019256,i,Juri,130,57.05329153605016
2906556257,i,Juri,152,49.35064935064935
2258996181,i,Juri,188,95.40298507462687
2690672833,i,Juri,132,60.0
4169877616,i,Juri,206,82.4
3552985706,i,Juri,281,141.5563909774436
1665589279,i,Juri,341,162.38095238095238
1383370679,i,Zangief,411,205.5
2887982658,i,Juri,354,130.93150684931507
2345023426,i,JP,166,87.15
3970995348,i,JP,94,29.720588235294116
3356521852,i,Dhalsim,662,206.33766233766232
3515407649,i,Cammy,694,347.0
2501533776,i,Cammy,127,84.66666666666666
2804495856,i,Cammy,133,45.54794520547945
3208405733,i,JP,175,107.6923076923077
3496481540,i,Dhalsim,812,299.1578947368421
3032389720,i,Ryu,186,76.85950413223141
2682638704,i,Cammy,91,41.70833333333333
3153476811,i,Ryu,107,27.82
3517831672,i,Juri,274,111.08108108108108
2678474816,i,Juri,302,105.69999999999999
3230917944,i,Juri,110,46.26984126984127
1004715053,i,Juri,200,82.44897959183673
1010228694,i,Juri,135,66.0
2758128003,i,Juri,305,106.08695652173913
3492724022,i,Manon,212,133.4814814814815
2543949843,i,Manon,97,44.31896551724138
2301073774,i,Cammy,308,161.0
3628146083,i,Cammy,428,179.76
1842302691,i,Cammy,109,58.302325581395344
2948352736,i,Cammy,201,68.10743801652892
3571413212,i,Guile,671,434.1764705882353
2056907780,i,Luke,153,86.0625
2720448761,i,Luke,344,223.6
2523868576,i,Luke,91,48.592233009708735
3666555311,i,Luke,133,68.04651162790698
2737676365,i,Luke,521,173.66666666666666
1844433814,i,Luke,197,103.68421052631578
1194844576,i,Luke,366,165.05882352941177
1363785309,i,Luke,145,55.701219512195124
2867440526,i,Luke,101,42.083333333333336
3764048702,i,Luke,384,183.02803738317758
3313417122,i,Luke,392,154.90322580645162
3029525333,i,Cammy,449,201.11458333333334
4101754990,i,Blanka,890,370.83333333333337
1334433691,i,Ryu,338,216.32
3390973974,i,Ryu,298,177.531914893617
4251590558,i,Ryu,168,87.65217391304347
2064212079,i,Ryu,105,36.49390243902439
4035941228,i,Ryu,231,91.82008368200836
3443377965,i,Ryu,1190,563.6842105263157
3063309472,i,Ryu,1715,956.4423076923077
2976854376,i,Ryu,108,36.486486486486484
2853227112,i,Ryu,102,43.220338983050844
3387469419,i,Chun-Li,143,52.0
2365357866,i,Dee Jay,327,127.84962406015038
2246969452,i,Lily,569,133.88235294117646
3136916734,i,Juri,220,59.60591133004926
1906660112,i,Lily,166,67.66304347826086
3812184522,i,Lily,103,55.97826086956521
1359156652,i,Blanka,109,49.050000000000004
2548875640,i,Blanka,1701,523.3846153846154
1162196862,i,Blanka,174,76.125
1717187985,i,Edmond Honda,354,131.11111111111111
1431390755,i,Jamie,205,84.27777777777777
3581922632,i,Jamie,165,50.47945205479452
2774163104,i,Jamie,155,106.20370370370371
2857141272,i,Kimberly,409,253.1904761904762
2626102262,i,Kimberly,100,37.60683760683761
3476056183,i,Chun-Li,145,64.27835051546391
3804753680,i,Chun-Li,103,36.99295774647887
2582881795,i,Ken,115,54.24528301886792
4266977580,i,Chun-Li,298,135.45454545454544
3882313759,i,Juri,363,152.2258064516129
3132448423,i,Juri,119,44.03
2881198929,i,Juri,162,88.36363636363636
1271558700,i,Marisa,618,298.7
1882250387,i,Marisa,340,194.28571428571428
1703695044,i,Marisa,327,159.5121951219512
3340416676,i,Marisa,160,72.43243243243244
1675681902,i,Guile,147,102.0
2703627950,i,Guile,755,179.76190476190476
4179511309,i,Luke,915,343.125
2401584388,i,Edmond Honda,167,75.9090909090909
3790862106,i,Edmond Honda,1352,630.9333333333334
1652635780,i,Jamie,342,194.47058823529412
1717727614,i,Zangief,171,101.04545454545455
3292170690,i,Ken,233,59.3921568627451
3975072294,i,Cammy,414,211.8139534883721
2404444903,i,Cammy,370,169.58333333333331
1979651703,i,Ryu,175,65.625
3685653238,i,Cammy,114,46.512
1941432953,i,Ken,311,171.8684210526316
3492437274,i,Lily,1040,311.5207373271889
2862371540,i,Ryu,597,261.84210526315786
1185298560,i,Ryu,151,90.6
4043568566,i,Lily,821,376.29166666666663
2715391004,i,Blanka,278,110.82432432432432
2610973896,i,Ken,242,84.91228070175438
2075606406,i,Ken,207,97.41176470588235
1527255543,i,JP,179,84.23529411764706
3852733573,i,Ken,1291,475.6315789473684
4232166887,i,Ryu,163,55.56818181818181
1757015198,i,Ryu,343,131.92307692307693
2116074850,i,Ryu,124,69.75
2383120155,i,Cammy,175,91.53846153846155
2654893464,i,Ryu,114,30.4
3218320307,i,Ryu,143,63.800000000000004
2018470425,i,Ryu,213,100.82
1546766257,i,Cammy,92,30.11904761904762
2631045417,i,Ryu,186,55.8
1971237593,i,Ryu,95,30.0
3341620699,i,Zangief,181,113.125
3844708238,i,Ken,346,127.47368421052632
1849385381,i,Ken,249,124.5
2246805930,i,Cammy,91,59.02702702702703
3949236894,i,Cammy,191,66.6984126984127
2402921321,i,Cammy,536,279.6521739130435
3647492190,i,Ryu,214,113.29411764705883
4216013341,i,Ryu,139,53.897959183673464
2594165068,i,Ryu,134,52.4622641509434
3426805773,i,Ryu,1092,515.3258426966293
2967496745,i,Ken,119,72.02631578947368
3718384763,i,Ken,155,77.5
2347063948,i,Ken,280,66.95652173913044
4261795241,i,Ken,912,438.46153846153845
2509114887,i,Ken,842,257.27777777777777
3320295978,i,Ken,588,289.85915492957747
2196480426,i,Ken,257,128.5
2535535752,i,Lily,238,90.27586206896551
1260557775,i,Cammy,98,40.1953125
2678282069,i,Cammy,220,85.40084388185653
2833844537,i,Cammy,118,55.72222222222222
4098880310,i,Cammy,141,39.63243243243244
3201899467,i,Cammy,104,50.8936170212766
2288554867,i,Cammy,120,62.50000000000001
4077664872,i,Ryu,155,80.72916666666667
1350836960,i,Ken,91,39.1015625
2320946500,i,Ken,231,122.29411764705883
4076306366,i,Ken,122,58.01398601398601
3191590502,i,Ken,145,74.18604651162791
1706371231,i,Ken,449,205.61682242990653
3753581649,i,Cammy,132,48.78260869565217
1084236718,i,Cammy,147,37.935483870967744
3431308413,i,Blanka,436,218.0
2136323392,i,Juri,841,458.7272727272727
1505063421,i,Cammy,465,209.25
3366682209,i,Cammy,158,37.0
3441397229,i,Cammy,264,104.96385542168674
2816098951,i,Ryu,129,77.39999999999999
2484556514,i,Chun-Li,628,300.63829787234044
2350748838,i,Ryu,143,61.013333333333335
4263119928,i,Ryu,108,40.5
3962717653,i,Ryu,591,253.28571428571428
1033494309,i,Ryu,156,66.52941176470588
2295846903,i,Manon,1237,870.4814814814815
2727837847,i,Ken,121,57.61904761904761
3360887264,i,JP,142,57.53448275862068
1414029477,i,Ryu,98,51.296875
3427107590,i,Dee Jay,473,245.25925925925924
2582680388,i,Lily,183,86.68421052631578
3758587569,i,Edmond Honda,457,246.07692307692307
1906145854,i,Random,467,191.91780821917808
1515572228,i,Manon,246,142.23272727272726
2146041112,i,Ryu,134,56.22377622377623
3883003641,i,Ryu,144,63.391304347826086
3306343421,i,Blanka,247,162.5
1798432507,i,Chun-Li,426,316.06451612903226
3776222546,i,Juri,1220,406.66666666666663
1733882484,i,Juri,331,178.23076923076923
2585019066,i,Juri,304,144.76190476190476
3845499022,i,Juri,141,65.424
2010907340,i,Juri,189,91.125
3597531635,i,Juri,370,132.14285714285714
4218613771,i,Juri,276,52.652307692307694
2378588787,i,Ken,263,107.34693877551021
3995825254,i,Ken,113,37.666666666666664
2568219421,i,Ken,377,100.53333333333333
3126221303,i,Ken,128,38.4
2252580439,i,Ken,262,62.879999999999995
1880163139,i,Ken,101,41.25352112676057
1895771749,i,Ken,98,43.30232558139535
3677228899,i,Ken,550,220.0
1573127493,i,Ken,292,89.84615384615385
1262247155,i,Juri,1245,570.0
2589009382,i,Juri,324,127.25075528700907
3226816596,i,Juri,1414,848.4
3789870995,i,Juri,166,68.82926829268293
3209956179,i,Juri,98,26.727272727272727
1603977377,i,Dee Jay,107,43.59259259259259
1102516662,i,Ken,101,49.56481481481482
1084478050,i,Ken,186,125.99999999999999
4166772288,i,Cammy,540,270.0
2033792278,i,Dhalsim,483,152.52631578947367
2441139352,i,Zangief,356,158.2222222222222
3822635871,i,Jamie,144,83.47826086956522
1956834421,i,Jamie,91,28.086419753086417
3429804661,i,Jamie,134,48.19298245614035
1980425611,i,Jamie,200,86.66666666666667
1250122082,i,Jamie,140,42.281879194630875
3035691477,i,Jamie,139,24.821428571428573
3378220432,i,Jamie,413,75.81642512077295
3290255628,i,Jamie,125,42.76315789473684
4109321849,i,Jamie,177,47.1358695652174
1002721381,i,Jamie,170,46.836734693877546
3130901284,i,Jamie,124,22.082191780821915
3959817242,i,Jamie,320,92.53012048192771
2792396366,i,Random,124,124.0
2611680529,i,Zangief,129,66.88888888888889
1125615896,i,Cammy,135,55.10204081632653
3051191888,i,Cammy,1866,799.7142857142857
2147069944,i,Cammy,111,53.80886426592797
2564072812,i,Dhalsim,182,34.605633802816904
2222415550,i,Chun-Li,97,42.37864077669903
1775122759,i,Cammy,138,60.15384615384615
4021234136,i,Blanka,230,66.125
3777972393,i,Manon,369,98.4
4250254988,i,Manon,224,112.0
4147414990,i,Manon,141,26.675675675675677
3305383508,i,Manon,338,166.4776119402985
1056484959,i,Manon,116,41.0
1572971498,i,Zangief,138,71.37931034482759
2154543880,i,Kimberly,364,178.91525423728814
3069532392,i,Edmond Honda,514,237.23076923076925
4108951929,i,Zangief,179,91.12727272727271
1713051538,i,Luke,569,258.6363636363636
3420334920,i,Manon,253,115.7219730941704
1181366021,i,Juri,122,27.727272727272727
3579212501,i,Juri,107,47.615
2828632428,i,Ken,245,86.28930817610062
2734201536,i,Zangief,285,133.0
1722842036,i,Dee Jay,182,79.02631578947368
2690522991,i,Cammy,202,86.18666666666667
2721138024,i,Manon,100,56.52173913043478
2462085813,i,Zangief,184,92.0
1085935002,i,Cammy,696,412.4444444444444
3867760269,i,Edmond Honda,178,124.6
1562829795,i,Ken,353,97.89075630252101
2737918470,i,Ken,403,178.1376811594203
1600635112,i,Marisa,239,95.60000000000001
1048424504,i,Chun-Li,299,105.52941176470588
2933243971,i,Zangief,98,45.83870967741935
3951257231,i,Marisa,1261,497.7631578947368
1037188490,i,Juri,98,24.855072463768117
2314662762,i,Chun-Li,191,127.33333333333333
4274397301,i,Chun-Li,408,200.1509433962264
4107071273,i,Chun-Li,219,69.1578947368421
2318222001,i,Chun-Li,106,30.530744336569583
1513226804,i,Juri,141,52.29818181818182
3226090151,i,Juri,109,48.27142857142857
1192046657,i,Juri,94,35.80952380952381
1884633175,i,Juri,901,180.20000000000002
3962958504,i,Juri,114,57.0
3286451461,i,Juri,126,47.79310344827586
1190977152,i,Juri,98,33.6780185758514
1915354693,i,Chun-Li,252,78.75
1283612486,i,Chun-Li,279,69.75
3157067942,i,Chun-Li,478,158.42674253200568
3677852771,i,Chun-Li,104,51.474747474747474
1279235225,i,Chun-Li,91,38.111111111111114
1310455170,i,Chun-Li,108,52.36363636363637
1746829669,i,Chun-Li,166,93.52112676056339
3357987365,i,Chun-Li,173,69.2
1525098314,i,Chun-Li,487,150.45528455284554
2580018776,i,Jamie,309,182.5909090909091
3513228933,i,Manon,466,173.0857142857143
1114625626,i,Manon,208,125.36986301369862
4093900238,i,Guile,330,203.0769230769231
1703884652,i,Marisa,117,60.51724137931035
1316550913,i,Marisa,104,49.52380952380952
2501612437,i,Luke,157,67.59722222222223
3775828859,i,Lily,348,44.61538461538461
1464281354,i,Luke,297,101.0204081632653
1795045966,i,Luke,100,42.22222222222222
2749212498,i,Luke,107,47.45967741935484
2597709082,i,Juri,236,137.13513513513513
4141632534,i,Ryu,204,51.0
1623288597,i,Juri,121,57.957983193277315
2209733339,i,Guile,466,166.26130653266333
1148161271,i,Ryu,478,286.8
3833644801,i,Luke,107,48.5462962962963
1689359755,i,Jamie,611,226.29629629629628
3713955062,i,Jamie,139,77.62337662337661
3916216020,i,Kimberly,117,50.869565217391305
4146109240,i,Kimberly,273,125.43243243243244
1294430722,i,Chun-Li,461,260.5652173913043
3165102288,i,Cammy,346,192.22222222222223
4027882947,i,Edmond Honda,798,469.4117647058824
3761197908,i,Manon,196,138.3529411764706
3530341154,i,JP,614,284.089552238806
3593508098,i,Cammy,152,59.6078431372549
3054968744,i,Ken,722,444.3076923076923
4280999979,i,Dee Jay,494,216.125
2217240729,i,Blanka,287,174.69565217391306
2387450742,i,Marisa,317,183.5263157894737
2280024068,i,Luke,464,176.32
3021442084,i,Ryu,327,130.8
2612709937,i,Manon,101,55.090909090909086
1934804046,i,Ryu,195,94.54545454545455
1579110037,i,Manon,1745,933.3720930232557
2071407770,i,Ryu,441,150.3409090909091
3322253620,i,Ryu,338,104.89655172413794
2882362564,i,Ryu,241,120.5
3608760640,i,Ryu,92,36.800000000000004
3647319860,i,JP,1508,634.9473684210526
2638571911,i,Dhalsim,150,52.27272727272727
3052616619,i,Cammy,272,116.57142857142857
2156123104,i,Cammy,270,125.6896551724138
3424417615,i,Cammy,145,55.44117647058823
1559535726,i,Cammy,554,346.25
2364119978,i,Cammy,200,79.41176470588235
3630586909,i,Marisa,165,55.0
3635929041,i,Ryu,96,55.652173913043484
3271846734,i,Ryu,464,235.56923076923076
1230774148,i,Marisa,95,58.80952380952381
3176787012,i,Ryu,346,161.46666666666667
3074094574,i,Ryu,103,44.30107526881721
2201683780,i,Ken,155,81.31147540983606
1924719665,i,Dee Jay,258,107.16923076923078
1745335514,i,Marisa,1228,690.75
3323803339,i,Manon,118,54.61714285714286
4194229864,i,Ken,106,34.539325842696634
1900494484,i,Manon,222,84.36
1450553551,i,Manon,177,53.869565217391305
2307367102,i,Juri,260,113.12977099236642
1122040334,i,Zangief,351,148.078125
1907673528,i,Zangief,296,150.1449275362319
1700630756,i,Zangief,588,211.67999999999998
1017198422,i,Marisa,361,168.46666666666667
2664935104,i,Zangief,150,66.66666666666666
3831320080,i,Zangief,290,184.54545454545453
2269778140,i,Zangief,448,226.63529411764705
3658733021,i,Zangief,177,102.11538461538461
4073212414,i,Zangief,239,91.92307692307693
2480629699,i,Zangief,175,85.8695652173913
2536962770,i,Marisa,830,415.0
2771254872,i,Marisa,240,110.27027027027027
1285245266,i,Marisa,685,536.4457831325301
1095318531,i,Marisa,411,224.18181818181816
1562764246,i,Marisa,101,43.285714285714285
3365021988,i,Marisa,94,31.333333333333332
1374455416,i,Marisa,162,46.285714285714285
4115537134,i,Marisa,122,40.666666666666664
2812375398,i,Marisa,2191,758.4230769230769
3512112509,i,Marisa,171,92.7457627118644
2489628771,i,Marisa,214,107.0
3432343384,i,Ken,136,51.68
4072879525,i,Juri,189,81.22314049586777
1043286823,i,Juri,143,46.37837837837838
2551861119,i,Juri,117,47.0
1027192170,i,Marisa,273,165.41949152542375
3263956656,i,Marisa,258,126.42
2565556662,i,Marisa,239,87.89032258064516
1920406655,i,Guile,815,401.4179104477612
2127065008,i,Luke,142,67.77272727272728
2709321725,i,Luke,697,316.8181818181818
2601060448,i,Luke,408,151.3548387096774
4090246018,i,Jamie,1511,475.6851851851852
1392675910,i,Jamie,214,81.70909090909092
3830880370,i,Cammy,94,49.04347826086956
1885247670,i,Cammy,102,30.86842105263158
2910616238,i,Cammy,261,98.75675675675676
4057130737,i,Ryu,309,134.34782608695653
1249397245,i,Lily,93,37.51260504201681
4039694496,i,Juri,125,71.42857142857143
4231751210,i,Juri,99,46.2
3845612866,i,Juri,111,49.906976744186046
3205210759,i,Juri,110,50.6578947368421
4078974771,i,Juri,152,65.51724137931033
1748153816,i,Ken,91,38.5
3000261171,i,Juri,100,41.30434782608695
1221588580,i,Zangief,164,93.71428571428571
3653622454,i,Edmond Honda,163,81.5
2471124241,i,Edmond Honda,142,77.45454545454545
3778418905,i,Edmond Honda,459,91.80000000000001
3512777871,i,Jamie,506,185.29577464788733
3390177181,i,Jamie,105,29.71698113207547
2789199516,i,Zangief,304,101.33333333333333
1712980314,i,Jamie,534,246.46153846153848
2156817543,i,Zangief,590,290.46153846153845
1627370316,i,Jamie,198,68.2
1713480414,i,Jamie,97,23.17699115044248
2467478938,i,Cammy,649,370.85714285714283
2675867959,i,Cammy,336,132.83720930232556
2659186938,i,Cammy,169,64.38095238095238
3407176262,i,Cammy,110,45.98360655737705
2795007753,i,Ryu,219,91.83870967741936
3794636642,i,Ryu,410,240.3448275862069
2434292006,i,Ken,205,96.09375
2366268033,i,Ken,102,46.628571428571426
2971797136,i,Ken,250,160.71428571428572
4206072652,i,Ken,268,93.3037037037037
1851123638,i,Zangief,600,300.0
2527848221,i,Zangief,139,63.18181818181818
3470415973,i,Zangief,1007,302.09999999999997
3774227435,i,Zangief,640,341.3333333333333
1428880161,i,Zangief,99,40.0
2076714231,i,JP,140,68.10810810810811
2663267192,i,Zangief,172,66.15384615384616
2441656822,i,JP,232,112.25806451612904
1936717243,i,Ken,185,71.07894736842104
2269107030,i,Dee Jay,186,66.20338983050847
1622076932,i,Dee Jay,1175,567.0398009950248
3496176064,i,Dee Jay,196,109.76
1932653431,i,Dee Jay,325,182.8125
3138623989,i,Dee Jay,227,74.53731343283582
2633653168,i,Juri,787,346.28000000000003
4082630954,i,Dee Jay,99,20.121951219512194
2322708400,i,Dee Jay,278,192.36018957345973
1333935331,i,Lily,1009,487.1034482758621
2338494236,i,Lily,108,59.2258064516129
1855902063,i,Lily,240,165.0
3600035720,i,Manon,212,59.625
1350512575,i,Manon,303,137.14736842105265
2651372616,i,Jamie,269,78.0967741935484
3789712207,i,Zangief,93,33.81818181818182
2226966683,i,Zangief,664,309.8666666666667
1906371153,i,JP,239,110.96428571428572
2190748626,i,JP,123,57.47663551401869
2620590813,i,JP,98,48.16949152542373
1513960755,i,Dhalsim,170,80.0
2183597295,i,Kimberly,634,300.3157894736842
2835507054,i,Cammy,100,40.27777777777778
4169019289,i,Kimberly,368,109.54418604651163
2211615675,i,Dee Jay,1182,304.45454545454544
2676611656,i,Cammy,220,61.94945848375451
3679474699,i,Lily,131,55.33620689655172
1005444012,i,Blanka,612,287.265306122449
3154245118,i,Juri,2186,892.6166666666667
2904976653,i,Juri,126,60.0
1649706171,i,Juri,144,30.036809815950917
2184560382,i,Juri,104,44.57142857142857
2145675767,i,Ken,126,42.26086956521739
4228405219,i,Juri,179,45.702127659574465
3057732874,i,Juri,133,44.33333333333333
2271309226,i,Jamie,330,114.52054794520548
1657337849,i,Jamie,303,151.5
1385142744,i,Jamie,127,59.76470588235294
3519314570,i,Jamie,238,82.78260869565217
1167924531,i,Jamie,100,32.323232323232325
3725641922,i,Jamie,247,61.75
2841512476,i,Jamie,666,47.57142857142857
3563746415,i,Jamie,193,75.52173913043478
1143819247,i,Jamie,319,131.35294117647058
3876012755,i,Cammy,114,39.04109589041096
1378850664,i,Cammy,1194,447.75
3840961677,i,Ryu,703,477.03571428571433
4136804748,i,Ken,361,225.625
3013115877,i,Ryu,110,60.50000000000001
3218893913,i,Ryu,114,46.94117647058823
1829150164,i,Ryu,225,119.83695652173914
3997202168,i,Ken,133,63.839999999999996
4026226294,i,Ken,272,87.78835978835978
3544744392,i,Ken,163,85.38095238095238
1057684442,i,Ken,204,84.58536585365853
2546764714,i,Ken,118,45.0
2817736461,i,Ken,108,37.27433628318584
4073135752,i,Ken,108,38.18181818181818
2313711236,i,Ken,117,38.025
1823426562,i,Ken,354,155.76
1645337272,i,Ken,124,76.3076923076923
2925069233,i,Ken,439,151.65454545454546
2981390465,i,Lily,1081,432.40000000000003
2817602583,i,Ken,138,49.53846153846154
1779064605,i,Blanka,413,173.69158878504672
3774256110,i,Cammy,168,76.7244094488189
2935046505,i,Marisa,188,82.94117647058823
2843668540,i,Cammy,142,59.219730941704036
2028125776,i,Guile,390,156.0
1316640276,i,Ryu,137,34.662650602409634
1865560527,i,Ryu,314,78.5
4012851556,i,Juri,118,59.74683544303798
1566816755,i,Marisa,247,116.23529411764706
1255062223,i,Marisa,94,39.83050847457627
2766290905,i,Marisa,117,45.0
1188926783,i,Marisa,280,140.0
2399141034,i,Marisa,554,320.7368421052632
3987635438,i,Marisa,100,41.66666666666667
4111573559,i,Guile,210,105.0
1463344941,i,Lily,240,70.34482758620689
1184774595,i,Zangief,420,258.46153846153845
3628088022,i,Juri,472,169.16814159292036
1243069186,i,Zangief,876,354.8354430379747
3802589430,i,Marisa,289,162.3150684931507
1274474017,i,Zangief,354,160.14285714285714
3521791574,i,Guile,612,349.7142857142857
2593043467,i,Luke,116,46.400000000000006
2416796039,i,Ken,104,28.63768115942029
2531728248,i,Chun-Li,177,92.71428571428572
1674244504,i,Manon,868,459.5294117647059
3698326518,i,Zangief,284,162.28571428571428
1472724210,i,Zangief,407,220.45833333333331
3080720048,i,Luke,267,80.03747072599532
3477279550,i,Zangief,123,89.45454545454545
3003347017,i,Zangief,1170,744.5454545454545
1556834841,i,Zangief,204,83.60655737704919
2644767230,i,Cammy,441,235.5340909090909
3427916230,i,Zangief,214,86.75675675675676
1475924147,i,Zangief,210,95.45454545454545
3681799841,i,Cammy,264,108.70588235294117
4289419883,i,Zangief,365,165.9090909090909
3052570816,i,Zangief,262,149.7142857142857
2432672528,i,JP,336,106.10526315789473
1387442395,i,JP,198,0.0
3766058206,i,JP,793,405.3111111111111
2435380339,i,JP,130,59.090909090909086
4160545722,i,Luke,798,393.94936708860763
4289109571,i,Luke,378,111.1764705882353
1899824744,i,Luke,372,186.0
3683143814,i,Luke,91,40.793103448275865
2687665927,i,Luke,147,45.5
1478487388,i,Zangief,118,80.45454545454545
2203472927,i,Luke,629,314.5
3313532167,i,Luke,398,165.0962962962963
2471698107,i,Luke,235,101.05
3306359042,i,Luke,289,94.09302325581396
3744454956,i,Luke,126,63.66315789473684
4189323542,i,Cammy,381,228.6
3451408121,i,Cammy,173,91.05263157894737
1659961787,i,Cammy,356,53.4
1777770378,i,Cammy,206,97.85
2780174574,i,Juri,223,109.5438596491228
2574181126,i,Cammy,114,24.0
3775150677,i,Cammy,99,33.86842105263158
2155219639,i,Cammy,669,414.14285714285717
3072903164,i,Cammy,342,133.82608695652175
2691071117,i,Kimberly,575,407.2916666666667
1836682317,i,Luke,394,144.14634146341464
3353849011,i,Jamie,194,68.75949367088607
2098607666,i,JP,235,120.5128205128205
2491926289,i,Zangief,112,61.090909090909086
3015064964,i,Zangief,166,124.5
1877910647,i,Zangief,120,56.84210526315789
1155617039,i,JP,156,81.0
2865200102,i,Cammy,277,184.66666666666666
2299725583,i,Cammy,110,64.40789473684211
1127343469,i,Cammy,687,283.2122448979592
1164311393,i,Cammy,360,262.7027027027027
4272217807,i,Cammy,2200,1028.03738317757
2606275711,i,Cammy,128,67.65714285714286
2175004267,i,Ryu,184,58.88
3698194575,i,Juri,162,63.612565445026185
2230521169,i,Juri,844,211.0
2126960939,i,Marisa,621,426.9375
3790151083,i,Guile,107,52.57758620689655
1257531240,i,Luke,192,88.61538461538461
2675056213,i,Luke,165,76.64516129032259
2774862944,i,Jamie,531,222.05454545454543
3427689106,i,Luke,305,124.48979591836735
4197330848,i,Edmond Honda,149,106.42857142857143
2921407042,i,Jamie,348,149.14285714285714
1557427089,i,Jamie,103,38.277027027027025
3294121764,i,Jamie,216,74.05714285714286
2165754796,i,Kimberly,430,268.75
3631270143,i,Random,123,61.5
2163487599,i,JP,109,60.96610169491525
1776613992,i,Dhalsim,425,173.86363636363637
3594539118,i,Edmond Honda,351,168.2876712328767
1095587372,i,Jamie,175,71.91780821917808
3844909845,i,Jamie,266,96.72727272727273
3455911704,i,Jamie,178,43.660377358490564
1242901878,i,Jamie,1011,487.44642857142856
2449129248,i,Jamie,216,103.67999999999999
1872752735,i,Jamie,129,50.44230769230769
4155993190,i,Kimberly,603,274.09090909090907
1284521496,i,Kimberly,185,89.19642857142857
2292724649,i,Kimberly,267,83.4375
2096629038,i,Kimberly,133,60.45454545454545
2695129803,i,Edmond Honda,271,142.6315789473684
2066368423,i,Edmond Honda,2032,1003.1392405063292
3534732309,i,Edmond Honda,208,113.26732673267327
1446375517,i,Jamie,181,71.95853658536586
3581996437,i,Jamie,134,48.0377358490566
3775528481,i,Jamie,408,194.72727272727275
1964595105,i,Jamie,101,39.096774193548384
1780476156,i,Luke,137,57.68421052631579
3211135111,i,Cammy,264,111.46666666666667
1463794436,i,Cammy,1808,791.0
1056122980,i,Cammy,150,69.59334565619224
2671594504,i,Cammy,1879,1002.1333333333333
4213713295,i,Cammy,464,156.35886214442013
2333277991,i,Cammy,915,493.1914893617021
1432454962,i,Cammy,236,93.6198347107438
3113134853,i,Juri,660,449.99999999999994
3694142965,i,Chun-Li,211,72.43283582089552
1871059686,i,Chun-Li,138,58.15714285714286
1247729701,i,Chun-Li,454,238.94736842105263
2552119237,i,Chun-Li,591,280.9672131147541
3678966231,i,Cammy,125,81.46067415730337
4066854255,i,Cammy,108,93.91304347826086
2113291436,i,Cammy,225,112.5
1888011570,i,Lily,265,143.41176470588235
2434481593,i,Lily,99,60.317880794701985
2674964161,i,Blanka,126,46.5
3994922052,i,Luke,137,63.09210526315789
2731885333,i,Luke,139,91.06896551724138
2886197584,i,Ryu,124,60.02127659574468
2039267792,i,Cammy,274,99.25077399380805
3054606622,i,Cammy,252,23.441860465116278
3211714977,i,Cammy,473,172.0
1090072715,i,Cammy,329,143.9375
4218136709,i,Manon,379,133.76470588235296
2305300691,i,Ryu,543,210.76973684210526
1270806174,i,Cammy,480,252.0
1611104901,i,Cammy,150,49.0
2178596657,i,Chun-Li,2055,746.1607142857142
1662844593,i,Marisa,327,181.66666666666669
2519618961,i,Marisa,1307,387.25925925925924
2119076897,i,Dhalsim,96,58.66666666666667
2639996510,i,Ken,334,107.1320754716981
3758468133,i,Ken,319,130.7377049180328
2336212599,i,JP,414,194.53012048192772
1114173118,i,Ken,117,27.0
2255902622,i,Ken,129,57.405
3224861536,i,Ken,150,75.97402597402596
1799624994,i,Dee Jay,207,124.19999999999999
3215379373,i,Blanka,194,97.0
4052245039,i,Juri,435,164.5945945945946
1775016133,i,Ken,127,57.94375
1555720606,i,Cammy,132,52.800000000000004
3852123719,i,Cammy,102,66.0
2266540475,i,Cammy,716,339.64102564102564
3617488253,i,Cammy,911,579.7272727272727
1863758445,i,Ryu,154,84.52631578947368
2173151935,i,Ryu,119,59.87898089171974
1398616145,i,Ryu,265,176.66666666666666
1861982588,i,Ryu,290,167.55555555555554
4119125781,i,Ryu,1133,566.5
2504854841,i,Ken,106,58.53731343283582
3506817839,i,Cammy,648,268.6829268292683
3107936957,i,Cammy,1042,398.4117647058823
3862610818,i,Cammy,189,53.78048780487805
2265041203,i,Ken,111,30.959183673469386
3211179348,i,Ken,123,47.02941176470588
4249647175,i,Lily,577,198.96551724137933
4128826235,i,Dee Jay,140,63.0
2704225225,i,Blanka,351,125.35714285714286
2172976345,i,Blanka,99,61.54054054054054
3916660552,i,Lily,691,246.78571428571428
3674965063,i,Juri,93,32.98255813953489
4067772541,i,Cammy,1008,549.8181818181818
3116258759,i,Cammy,408,216.5925925925926
1797414175,i,Cammy,137,63.67605633802817
3302047406,i,Cammy,139,57.23529411764706
2077711659,i,Ryu,237,102.453125
2511454637,i,Ryu,115,64.11504424778761
2039623579,i,Ryu,124,65.44444444444444
3643424098,i,Ryu,755,330.3125
4280961589,i,Ken,786,428.7272727272727
3916657580,i,Ken,257,100.390625
3371569713,i,Ken,239,98.0026455026455
3248332341,i,Lily,315,157.5
2650432713,i,Lily,117,47.90551181102362
2442826873,i,Lily,541,0.0
1531118001,i,Lily,254,122.46428571428572
3062686515,i,Lily,169,36.73913043478261
2956721018,i,Lily,435,141.375
1076182445,i,Lily,200,85.71428571428571
1732020211,i,Lily,280,123.24786324786325
2364364571,i,Lily,226,81.36
1686251478,i,Lily,318,74.82352941176471
1640654927,i,Kimberly,538,223.0731707317073
3921274168,i,Ryu,246,129.4736842105263
2153957857,i,Ken,104,49.056603773584904
2010599964,i,Ken,165,57.391304347826086
1725353633,i,Dee Jay,235,131.60000000000002
1018936439,i,Dee Jay,461,270.2413793103448
1897103020,i,Dee Jay,118,63.31707317073171
4016104797,i,Lily,249,143.953125
1393676877,i,Lily,330,157.82608695652175
3487696483,i,Ken,216,103.46218487394958
3603733807,i,Blanka,1829,914.5
1314888182,i,Lily,815,373.54166666666663
1942387856,i,Blanka,215,80.11406844106465
2429763327,i,Marisa,766,353.53846153846155
1561955937,i,Luke,95,45.862068965517246
3262686560,i,Luke,256,99.26530612244898
2270558398,i,Luke,304,185.7777777777778
2755575402,i,Kimberly,695,206.2087912087912
2301341925,i,Chun-Li,152,49.856
1062720392,i,Chun-Li,177,52.05882352941177
3958952189,i,Ken,90,41.707317073170735
2728586711,i,Ken,174,67.77348066298343
2383744499,i,Ken,121,64.05882352941177
4082330842,i,Ken,134,57.54601226993865
3317788794,i,Lily,106,57.81818181818181
4110179649,i,Lily,217,113.35820895522387
3910517746,i,Juri,529,196.37121212121212
2473731502,i,Juri,99,47.197674418604656
3830341860,i,Juri,288,164.57142857142856
2097874803,i,Juri,131,45.21238938053097
1953238571,i,Juri,466,227.70454545454547
1548995883,i,Juri,98,42.10370370370371
1217908121,i,Marisa,98,56.97674418604652
1641677845,i,Marisa,131,61.13333333333333
3852194992,i,Cammy,212,73.55102040816327
1441063594,i,Cammy,94,44.23529411764706
1173904331,i,Cammy,222,111.0
3059290171,i,Cammy,131,38.38216560509554
1773356651,i,Cammy,293,128.1875
1447338801,i,Cammy,314,157.0
2988333680,i,Cammy,117,50.35443037974684
3150471761,i,Cammy,97,41.0
2584114765,i,Cammy,124,52.16551724137931
2768417886,i,Cammy,91,49.504000000000005
2508858301,i,Ryu,549,155.15217391304347
3510636298,i,Ryu,359,205.14285714285714
1130377273,i,Ken,1523,761.5
1260921589,i,Ken,121,53.276119402985074
2012698653,i,Ken,114,45.794871794871796
2767631719,i,Ken,158,69.36585365853658
2679746605,i,Ken,1022,369.05555555555554
3463639266,i,Ken,121,71.30357142857143
4197902618,i,Chun-Li,369,166.64516129032256
2074127723,i,Chun-Li,376,75.2
3932588002,i,Dee Jay,514,237.23076923076925
3493803765,i,Lily,435,261.0
1020888378,i,Lily,320,91.15151515151516
2805868480,i,Lily,301,156.07407407407408
1903731443,i,Lily,625,326.0869565217391
4076920103,i,Cammy,315,119.48275862068965
4070561918,i,Chun-Li,381,190.5
1677057431,i,Cammy,143,52.96296296296296
2446169321,i,Dhalsim,640,213.33333333333331
2125625974,i,Dhalsim,592,311.57894736842104
3350056566,i,Cammy,406,174.0
2930808342,i,Cammy,125,79.7872340425532
1380527065,i,Cammy,121,43.06779661016949
1805011502,i,Cammy,165,48.292682926829265
1191412272,i,Cammy,173,59.22522522522522
2243374786,i,Cammy,335,187.07792207792207
3246358000,i,Cammy,201,50.25
4156043799,i,Cammy,91,37.182795698924735
2332030550,i,Cammy,152,44.70588235294118
1721587206,i,Chun-Li,208,63.07096774193548
4040505963,i,Chun-Li,2578,1031.2
2481979533,i,Chun-Li,276,78.85714285714285
3658645833,i,Chun-Li,129,50.607692307692304
3979973311,i,Edmond Honda,350,206.81818181818184
2232136677,i,Chun-Li,232,100.53333333333333
2133673346,i,Chun-Li,638,255.20000000000002
1196014667,i,Chun-Li,195,58.5
2312858700,i,Chun-Li,271,135.5
1023569660,i,Jamie,172,90.0952380952381
3079781497,i,Cammy,152,67.55555555555556
2181098681,i,Cammy,212,73.23636363636363
3071261457,i,Cammy,376,170.18947368421053
3550640995,i,Cammy,205,112.41935483870967
2521214842,i,Ken,1002,483.7241379310345
1009499613,i,Ken,166,75.06086956521739
2950395216,i,Luke,397,177.856
4087055575,i,Edmond Honda,92,43.294117647058826
2095327743,i,Edmond Honda,632,324.5405405405405
3880849408,i,Chun-Li,428,243.18181818181822
1353705069,i,Edmond Honda,572,286.0
1680513604,i,Jamie,109,56.869565217391305
4230250598,i,Jamie,202,106.3157894736842
2655897127,i,Guile,1826,983.2307692307692
3900910249,i,Cammy,630,294.0
2915598969,i,Luke,93,32.61038961038961
1638613382,i,Luke,91,30.333333333333332
1388455142,i,Luke,186,73.53488372093022
2412131748,i,Luke,408,178.5
2394358556,i,Luke,119,65.9909090909091
1710004008,i,Edmond Honda,485,147.60869565217394
1563320204,i,Edmond Honda,480,151.57894736842104
1761658941,i,Jamie,170,61.736842105263165
3195318234,i,Juri,795,361.3636363636364
3063937777,i,Random,129,41.86842105263158
1486590591,i,Kimberly,364,182.0
2301996304,i,Chun-Li,538,205.70588235294116
1475239564,i,Juri,170,38.63636363636363
1599213651,i,Chun-Li,1993,1099.5862068965516
1566170752,i,Chun-Li,706,235.33333333333331
3320961468,i,Chun-Li,97,42.73426573426573
3933809045,i,Juri,98,64.4
2659502500,i,Cammy,186,88.15625
1925538930,i,Cammy,165,105.0
1857183762,i,Cammy,125,55.43478260869565
2488043183,i,Cammy,501,211.0511811023622
3014304482,i,Cammy,673,352.5238095238095
2887564768,i,Ryu,144,72.0
1659843281,i,Ken,145,87.0
1132926658,i,Ken,171,59.26704545454546
2592261472,i,Juri,608,364.8
3965212297,i,Juri,98,49.0
2018088110,i,Juri,220,93.02013422818791
1024199779,i,Juri,112,67.2
1587520109,i,Juri,127,58.61538461538462
3241645259,i,Juri,280,156.8
3170849430,i,Juri,531,209.93023255813952
3966621282,i,Juri,265,80.30303030303031
3816430701,i,Ken,186,76.70103092783505
3894301422,i,Ken,362,150.83333333333334
2591904170,i,Ken,206,73.57142857142857
2210599741,i,Edmond Honda,228,109.31506849315068
1350551764,i,Ken,332,145.07563025210084
1119830803,i,Ken,119,37.97872340425532
3320908090,i,Ken,1020,582.8571428571428
2891941284,i,Ken,228,125.03225806451611
3836379930,i,Lily,458,229.0
1495833055,i,Ken,193,90.27419354838709
2045926960,i,Manon,398,166.6046511627907
2029457573,i,Manon,114,43.95180722891566
1819755400,i,Ken,118,38.225352112676056
1173289162,i,Juri,333,151.36363636363635
3403380045,i,Juri,551,179.39534883720933
2548057386,i,Juri,97,48.5
3932295590,i,Marisa,1995,886.6666666666666
4213432320,i,Guile,460,278.936170212766
2853725398,i,Luke,450,213.15789473684208
1515408498,i,Juri,93,47.173913043478265
1517698161,i,Marisa,506,323.84000000000003
3458951463,i,Manon,526,131.5
1032712020,i,JP,95,67.85714285714286
2406834769,i,Cammy,124,47.10077519379845
3177674687,i,Ryu,152,86.36363636363637
3225823280,i,Ken,109,57.064705882352946
3259415184,i,Luke,704,491.16279069767444
1665875302,i,Luke,307,96.94736842105263
2651381639,i,Luke,149,82.77777777777779
4093038499,i,Edmond Honda,122,54.22222222222222
2075705816,i,Ken,217,102.78947368421052
1648981256,i,Ken,135,79.2
3824697102,i,Ken,244,117.11999999999999
1430682301,i,Ken,183,79.2089552238806
4096995481,i,Ken,166,89.38461538461539
2858640532,i,Cammy,159,33.72727272727273
2582420373,i,Cammy,93,36.63636363636363
1365911471,i,Cammy,98,37.69230769230769
2481927356,i,Cammy,606,303.0
3732570033,i,Cammy,860,215.0
4154425484,i,Cammy,224,101.81818181818181
2944247480,i,Cammy,108,46.35849056603774
4255928285,i,Manon,363,152.8421052631579
2356475968,i,Ken,376,261.5652173913043
1225571740,i,Ken,252,145.89473684210526
1275447522,i,Ken,375,174.75728155339806
1617636014,i,Ken,158,72.30508474576271
3353998190,i,Dee Jay,93,41.029411764705884
1458735994,i,Dee Jay,134,95.0967741935484
1282856368,i,Ryu,535,293.72549019607845
2887628718,i,Juri,526,209.73417721518987
1981762848,i,Luke,162,90.0
3630450822,i,Ken,111,62.9
1317181914,i,Jamie,127,47.413333333333334
3084720738,i,Manon,134,71.67441860465115
3956139550,i,Zangief,106,48.53012048192771
2777757403,i,Ken,455,182.0
4251442695,i,Cammy,167,41.75
3656566116,i,JP,336,57.056603773584904
2082829133,i,Manon,217,130.2
3018245142,i,Ryu,110,32.0
2346740620,i,Ken,156,47.125
2000341024,i,Cammy,502,161.06951871657753
2275769706,i,Ryu,356,101.23222748815165
2578478889,i,Ryu,226,116.42424242424242
2075250376,i,Ryu,131,70.53846153846153
4238702439,i,Ken,911,415.89130434782606
3119395268,i,Ryu,422,203.18518518518516
2786380094,i,Ken,106,38.86666666666667
3348850625,i,Ken,199,54.076086956521735
4204449046,i,Ken,147,47.41935483870967
1606345389,i,Ken,106,44.32727272727272
1143193511,i,Blanka,415,146.47058823529412
2443276694,i,Dee Jay,122,62.03389830508474
2590633925,i,Dee Jay,216,108.0
2450736576,i,Edmond Honda,448,201.6
2197430116,i,Marisa,442,229.7007874015748
2101957758,i,JP,178,66.62841530054645
1437835151,i,Cammy,136,51.309090909090905
2840073159,i,Cammy,374,187.0
2855470282,i,Cammy,171,75.24
3285969216,i,Ryu,114,61.25373134328358
2522823464,i,Ryu,93,52.699999999999996
2725896874,i,Ryu,474,218.76923076923077
3543412729,i,Ken,192,128.0
2410519904,i,Dee Jay,245,112.86516853932585
2621999214,i,Lily,1966,512.8695652173913
1893381242,i,Lily,239,68.50318471337579
4273669970,i,Manon,115,57.5
2121365991,i,Juri,151,66.22807017543859
1477683024,i,Ken,90,61.13207547169811
1843966235,i,Juri,247,114.0
2007679937,i,Guile,111,54.0
3805595644,i,Guile,299,127.23404255319149
1688124239,i,Luke,412,206.0
1286132660,i,Marisa,384,192.0
1838926983,i,Marisa,157,57.270440251572325
1690523630,i,Marisa,1995,870.5454545454545
1078211628,i,Juri,161,74.0
1762044215,i,Guile,521,315.0232558139535
1088721339,i,Luke,117,45.553278688524586
1546103898,i,Luke,257,110.48598130841121
3624584447,i,Guile,919,367.6
2769200522,i,Jamie,983,631.9285714285714
2264484240,i,Jamie,95,50.294117647058826
4036556863,i,Guile,272,113.33333333333334
3733399127,i,Kimberly,206,137.33333333333331
3749787593,i,Kimberly,274,145.74468085106383
2330639036,i,Luke,132,53.05882352941177
3362333825,i,Chun-Li,268,104.45669291338582
3496800004,i,Chun-Li,115,48.162393162393165
1660373338,i,Manon,103,37.245535714285715
3751357452,i,Zangief,249,135.8181818181818
1183472141,i,Ken,170,63.75
4211737245,i,Edmond Honda,117,56.48275862068966
3419091365,i,Ken,496,172.02312138728323
3389929947,i,Ken,160,70.2158273381295
1648371429,i,Ken,133,71.25
3436497903,i,Jamie,162,74.0
3668681674,i,Ken,1086,579.2
1374536417,i,Jamie,335,120.0
1009532736,i,Dee Jay,1417,551.9709302325582
2936826332,i,Dee Jay,391,205.78947368421052
2792228146,i,Lily,251,139.1413043478261
3281960467,i,Cammy,697,174.25
1648612306,i,Marisa,149,67.17213114754098
3039933783,i,Marisa,182,106.16666666666667
3819823697,i,Guile,468,166.75862068965517
1214493001,i,Guile,132,49.30739299610895
3828597363,i,Cammy,306,137.3877551020408
1293133717,i,Cammy,162,46.774647887323944
1290622995,i,Luke,131,88.74193548387096
2478198548,i,Luke,197,105.06666666666666
3332447786,i,Luke,842,296.015625
3157486811,i,Luke,97,51.35294117647059
2513197133,i,Ryu,297,171.94736842105263
3774195451,i,Luke,102,34.701030927835056
3567869612,i,Luke,439,161.73684210526315
4183208932,i,Edmond Honda,112,67.2
3848861054,i,Jamie,94,50.916666666666664
3141923498,i,Jamie,603,251.25
2035268601,i,Jamie,106,39.17391304347826
2957860185,i,Jamie,169,69.9765625
4208255263,i,Jamie,887,253.42857142857142
3869468728,i,Jamie,349,124.08888888888889
2743266331,i,Jamie,165,57.74999999999999
4234517364,i,Jamie,329,123.375
1187163781,i,Jamie,323,128.31506849315068
1402031968,i,Jamie,121,50.41666666666667
2699663282,i,Cammy,253,85.47297297297297
3313829837,i,Cammy,141,49.809782608695656
2956395503,i,Cammy,117,40.90243902439025
4216532298,i,Cammy,271,88.85245901639344
1537392089,i,Cammy,120,54.41860465116279
1034222785,i,Cammy,468,218.4
1827228615,i,Cammy,105,38.68421052631579
2336268827,i,Ryu,558,372.0
4078108483,i,Ryu,258,115.27659574468085
3870350408,i,Ryu,134,50.15204678362573
3519797661,i,Ryu,165,72.73668639053254
2399375660,i,Ken,162,73.0
4141265992,i,Ken,494,318.7096774193548
2291210813,i,Ken,223,78.70588235294119
1609645401,i,Ken,1432,503.7345132743363
2484178471,i,Ken,98,38.34782608695652
3460034190,i,Dee Jay,213,153.09375
1781745763,i,Cammy,217,99.30508474576271
2396581998,i,Cammy,145,68.58108108108108
2681712090,i,Ken,222,105.44999999999999
4150751602,i,Ryu,157,58.875
2684951399,i,Ryu,218,61.235955056179776
3019355347,i,Ryu,176,65.43589743589743
2749153311,i,Ryu,92,43.06382978723404
2366141237,i,Ryu,194,71.47368421052632
2841362666,i,Ryu,113,72.32000000000001
2464426663,i,Ryu,202,85.6969696969697
3471575825,i,Ryu,148,43.08860759493671
1109513684,i,Ken,374,249.33333333333331
3951618323,i,Ken,145,66.25
2349192297,i,Ken,138,73.05882352941177
4203986021,i,Ken,616,308.0
4155938538,i,Ken,142,75.73333333333333
1223269871,i,Lily,1977,778.8181818181818
3933974708,i,Ken,431,242.9272727272727
1400144344,i,Ken,155,56.66666666666667
2906765195,i,Dee Jay,225,153.4090909090909
3070731319,i,Marisa,138,90.0
3702211706,i,Ken,122,51.54929577464789
1920269471,i,Dee Jay,197,107.58156028368795
3986800788,i,Dee Jay,106,59.794871794871796
3616235149,i,Dee Jay,108,32.21052631578947
3620756578,i,Dee Jay,165,67.34693877551021
3060296917,i,Lily,160,64.5303867403315
2870512690,i,Lily,598,178.43548387096774
3186377126,i,Blanka,809,404.5
1462935937,i,Juri,923,601.9565217391305
1255691610,i,Juri,1421,685.125
2125909616,i,Ryu,505,262.6
3867548799,i,Dee Jay,432,255.27272727272728
4176626767,i,Zangief,183,93.48913043478262
3569424621,i,Juri,97,40.955555555555556
3505223715,i,Juri,294,106.48818897637796
2723989470,i,Juri,195,58.64661654135338
3030246477,i,Marisa,166,64.67532467532467
1974870178,i,Luke,441,169.6153846153846
1747095218,i,Ken,1311,396.3488372093023
1097670127,i,Ken,293,105.25242718446601
2336920189,i,Ryu,112,49.28
1513275103,i,Ken,180,72.53731343283582
4000162979,i,Ken,1738,715.6470588235294
2327089482,i,Ken,119,49.0875
1240956285,i,Ken,101,35.64705882352941
1377614187,i,Dee Jay,195,93.6
2405127070,i,JP,455,214.42528735632183
1696447082,i,Cammy,147,66.34513274336283
2182923002,i,Cammy,427,157.05747126436782
3260623610,i,Ryu,324,171.52941176470588
2581075539,i,Ryu,342,167.36170212765956
2937889732,i,Ryu,127,74.44827586206895
3496947795,i,Cammy,95,32.32638888888889
2724637029,i,Ryu,208,72.8
4212160071,i,Ryu,132,74.91891891891892
2266700543,i,Ryu,270,100.28571428571429
3514961323,i,Ryu,164,74.97142857142858
2680180357,i,Ken,107,43.59259259259259
3216889169,i,Ken,119,44.625
1016479291,i,Ken,219,57.79166666666667
3993227647,i,Dee Jay,180,83.07692307692308
2347076430,i,Dee Jay,292,129.4090909090909
1377370952,i,Lily,587,321.9032258064516
3084197091,i,Manon,170,90.36036036036036
2066219971,i,Zangief,114,47.879999999999995
3664266581,i,Ken,241,60.25
1263227479,i,Edmond Honda,481,188.21739130434784
1240677986,i,Dhalsim,283,127.80645161290322
2115040389,i,Luke,249,109.63432835820895
3695267921,i,Ken,101,46.80487804878049
4175738619,i,Juri,499,264.6212121212121
2429019975,i,Cammy,116,31.055118110236222
1376031235,i,Manon,186,101.45454545454545
1551120252,i,Zangief,126,67.3953488372093
4272954395,i,Manon,294,140.08235294117645
1915187389,i,Guile,296,111.0
3994538667,i,Guile,94,64.3157894736842
2383393043,i,Guile,279,139.5
1444660209,i,Ken,105,26.999999999999996
1916313236,i,Juri,469,112.9074074074074
2735609551,i,Dee Jay,773,358.89285714285717
2631160117,i,Zangief,662,378.2857142857143
1380461701,i,Guile,1417,460.52500000000003
1712838102,i,Ken,375,218.18181818181816
1254868615,i,Dhalsim,355,118.33333333333333
2113251067,i,Dhalsim,385,165.0
2797094481,i,Cammy,97,33.02127659574468
3663876592,i,Cammy,200,115.78947368421053
1917202765,i,Cammy,100,36.17021276595745
3370955658,i,Cammy,270,111.52173913043478
1810355655,i,Cammy,107,71.86567164179105
3174116919,i,Ryu,161,66.7
3448339815,i,Marisa,119,62.01408450704225
3999593142,i,Ryu,105,48.69565217391305
3112989830,i,Guile,394,157.60000000000002
3462738557,i,Guile,2546,1829.9375
1542655251,i,Guile,162,43.463414634146346
3917138469,i,Guile,1069,467.6875
2108918416,i,Cammy,639,196.6153846153846
1832475760,i,Guile,262,121.88695652173912
3472021862,i,Guile,513,93.27272727272728
2631323634,i,Ken,289,101.78616352201257
3795346521,i,Ken,147,63.0
2700246637,i,Ken,118,45.312
3026908666,i,Dee Jay,127,45.98275862068966
1454801983,i,Dee Jay,255,98.3132530120482
1665309412,i,Lily,220,73.33333333333333
1609287908,i,Marisa,174,80.78571428571429
2667910829,i,Marisa,533,239.6434108527132
1615798468,i,JP,111,54.0
1597779347,i,JP,984,492.0
2810251888,i,Ryu,153,41.258426966292134
3514676726,i,Ryu,146,78.91891891891892
3463833348,i,Dee Jay,251,50.2
1771412065,i,Dee Jay,292,137.41176470588235
2606990200,i,Dee Jay,292,87.6
3666178850,i,Kimberly,261,141.8478260869565
2188708012,i,Dee Jay,288,103.72413793103448
2918289671,i,Dee Jay,103,61.8
1313531331,i,Dee Jay,154,77.0
3545342147,i,Dee Jay,176,105.6
1695042862,i,Dee Jay,356,120.75376884422111
2930068769,i,Dee Jay,190,106.58536585365854
2730894996,i,Dee Jay,173,67.11206896551724
3492615078,i,Cammy,92,35.092783505154635
2589768918,i,Dee Jay,1646,658.4000000000001
4101556557,i,Cammy,123,36.252631578947366
3631748859,i,Dee Jay,165,87.82258064516128
2861212328,i,Dee Jay,210,87.16981132075472
3326807725,i,Juri,153,58.84615384615385
2338829236,i,Juri,115,66.57894736842105
2015905822,i,Juri,330,165.0
3111902627,i,Guile,349,82.11764705882352
2090709502,i,Luke,226,121.37037037037038
3528420501,i,Luke,553,326.12820512820514
1511607843,i,Edmond Honda,168,85.09090909090908
3548469352,i,Jamie,225,118.31896551724138
2370056432,i,Jamie,211,110.86440677966102
2888403361,i,Jamie,382,243.0909090909091
2236873983,i,Cammy,134,44.44221105527638
1805229251,i,Cammy,116,47.15447154471545
1875574922,i,Cammy,103,32.85344827586207
3179763023,i,Cammy,329,94.32081911262799
3886968356,i,Cammy,121,42.0
3485865352,i,Ken,176,70.02150537634408
3534294580,i,Ken,246,95.66666666666667
3615298662,i,Ken,265,79.5
1329254575,i,Kimberly,1068,451.84615384615387
2695419390,i,Ken,108,72.47368421052632
4196336128,i,Ken,139,65.2878787878788
1643144280,i,Ken,194,73.618138424821
1714744820,i,Ken,103,51.03603603603604
3251692681,i,Ken,94,28.146892655367232
1806563069,i,JP,237,88.11538461538461
3345959363,i,Ken,143,70.77777777777779
1173802754,i,Dhalsim,483,263.45454545454544
3827600863,i,Luke,187,60.033210332103316
1111544595,i,Luke,386,185.28
4268304834,i,Luke,460,230.0
2894245940,i,Jamie,142,58.78494623655914
3984954537,i,Jamie,91,42.46666666666667
1996054583,i,Jamie,169,74.12280701754385
3604912428,i,Jamie,91,34.125
1029689178,i,Jamie,605,222.89473684210526
4289201614,i,Kimberly,424,229.66666666666666
3855683629,i,Kimberly,691,345.5
3709837259,i,Kimberly,237,112.26315789473684
3040148128,i,Cammy,446,210.37735849056605
3756239383,i,Kimberly,95,27.04861111111111
3149690892,i,Chun-Li,167,65.92105263157895
1474386346,i,Manon,352,94.76923076923076
2379808689,i,Manon,381,214.3125
2447434928,i,Manon,157,71.36363636363636
2027130130,i,Zangief,127,45.0
3762783460,i,Dhalsim,821,231.56410256410257
1827554356,i,Cammy,106,50.41463414634146
3725131034,i,Cammy,167,52.127167630057805
1354876619,i,Kimberly,94,68.93333333333332
3648671567,i,Kimberly,434,300.46153846153845
2963315059,i,Cammy,108,38.25
4134024573,i,Kimberly,372,159.42857142857142
2315042660,i,Chun-Li,300,126.3157894736842
2515356505,i,Manon,131,48.77659574468085
3460739773,i,Manon,141,31.333333333333332
1420167949,i,Zangief,132,71.5
3557667698,i,Cammy,260,107.30158730158729
4246160366,i,Ken,843,566.8448275862069
1364971220,i,Guile,193,71.26153846153846
2034461084,i,Edmond Honda,483,208.45263157894738
4078757933,i,Jamie,224,93.61194029850746
3584994304,i,Jamie,114,49.248
2877045075,i,Jamie,112,51.40983606557377
3206051271,i,Chun-Li,145,96.66666666666666
3177803710,i,Manon,102,40.0
2112005112,i,Cammy,321,154.3269230769231
2758691075,i,Manon,1104,418.1818181818182
3277776077,i,Zangief,893,416.73333333333335
2785918823,i,Zangief,124,68.88888888888889
1376796797,i,JP,228,144.58536585365854
2336681268,i,Cammy,101,50.8854961832061
4055782304,i,Zangief,139,63.18181818181818
3464797407,i,Ryu,97,39.451492537313435
1272381183,i,Zangief,662,331.0
1353753450,i,Ryu,96,54.857142857142854
3634126831,i,Ryu,96,39.0
1337920952,i,Cammy,317,138.17948717948718
1192059594,i,Ryu,481,273.6724137931035
2861550853,i,Cammy,348,192.64285714285717
1216691318,i,Ken,262,106.67142857142856
2198013591,i,Cammy,95,35.348837209302324
3315411075,i,Cammy,277,152.35000000000002
1546393752,i,Cammy,260,66.06557377049181
2848768483,i,Cammy,340,183.07692307692307
1589690782,i,Cammy,136,50.10526315789473
1704380335,i,Ryu,1028,411.20000000000005
4176871501,i,Zangief,159,86.97435897435898
1124280864,i,Zangief,813,309.7142857142857
3319974512,i,Zangief,99,52.14503816793893
2397972782,i,Ryu,114,52.82926829268293
3567380928,i,JP,120,62.47422680412372
3844811450,i,JP,1269,413.413597733711
2998737581,i,JP,495,311.1428571428571
3519520663,i,Cammy,598,299.0
4152801737,i,Cammy,126,60.827586206896555
3533619994,i,Ryu,1406,486.6923076923077
2574448888,i,Cammy,105,32.21590909090909
3301210090,i,Cammy,152,78.49180327868852
2749251855,i,Cammy,122,35.70731707317073
3741826428,i,Cammy,375,221.5909090909091
4118809384,i,Cammy,227,104.76923076923077
3646445846,i,Cammy,459,133.48030018761725
1767047027,i,Cammy,233,112.74193548387098
3974073474,i,Cammy,434,150.95652173913044
1403961781,i,Cammy,100,35.138888888888886
2163344074,i,Cammy,90,37.05882352941176
1020741636,i,Ken,177,104.96511627906978
3773925191,i,Cammy,136,65.73333333333333
2627998391,i,Ryu,146,55.8235294117647
3318273894,i,Ryu,95,47.5
1973207057,i,Ken,103,47.53846153846154
2912341381,i,Ken,136,54.400000000000006
3029969381,i,Ken,168,73.04347826086956
4028324388,i,Ken,854,299.5460797799175
1118109827,i,Ken,121,64.43786982248521
3074328611,i,Ken,1041,416.40000000000003
1718635249,i,Luke,313,187.79999999999998
4001771660,i,Ken,125,44.11764705882353
4047011846,i,Cammy,102,34.0
2438378969,i,Cammy,103,38.8013698630137
2386651691,i,Cammy,266,136.79999999999998
1366489506,i,Cammy,113,38.339285714285715
3457128760,i,Cammy,133,44.33333333333333
1182862148,i,Cammy,234,86.66666666666666
4181018234,i,Cammy,162,60.21238938053098
4062667623,i,Cammy,96,23.069767441860467
1606813291,i,Juri,99,44.65760869565217
2608191076,i,Juri,405,214.8979591836735
3450070633,i,Juri,254,145.14285714285714
1835581709,i,Juri,232,91.60515021459227
3001982972,i,Juri,260,146.25
3218079273,i,Dhalsim,1336,718.1
1901900915,i,Guile,243,40.5
2768169927,i,Luke,239,98.41176470588235
2032013045,i,Zangief,431,215.5
4014379108,i,JP,240,91.42857142857142
3433589093,i,Dhalsim,313,131.25806451612902
3898931311,i,Cammy,200,67.47474747474747
1420047850,i,Cammy,230,66.40167364016736
3324196821,i,Ken,117,57.0
1351439258,i,Ken,212,99.23404255319149
1439112076,i,Juri,259,146.5050505050505
3792593885,i,Dee Jay,158,62.74641148325359
1024711682,i,Dee Jay,92,48.31654676258992
2430067358,i,Dee Jay,389,162.08333333333334
3544724226,i,Dee Jay,136,46.94416243654822
1668012789,i,Lily,260,104.0
3304055375,i,Juri,152,42.38461538461539
3125031799,i,Juri,1182,394.0
1904386448,i,Guile,368,222.33333333333331
3053256695,i,Guile,1250,687.5
1928553704,i,Manon,160,65.23076923076923
3101579507,i,Manon,130,70.9090909090909
2843250479,i,Manon,177,83.29411764705883
2938565887,i,Manon,114,69.29411764705881
1255025179,i,Manon,1364,454.66666666666663
2878462572,i,Manon,527,207.7596153846154
1074585963,i,Manon,487,208.7142857142857
2757445094,i,Luke,149,66.22222222222221
2668001336,i,Manon,199,75.80952380952381
3067410549,i,Manon,330,180.0
2414474737,i,Manon,237,135.42857142857142
3839819627,i,Manon,2283,917.9072164948454
3931582646,i,Blanka,295,219.68085106382978
2049228624,i,Juri,262,79.11881188118812
1426041030,i,Marisa,568,319.24087591240874
3703089803,i,Guile,159,85.61538461538461
1083966982,i,Luke,1216,474.0338983050848
3271141804,i,Marisa,299,85.42857142857143
1060690409,i,Kimberly,149,53.29197080291971
1567794149,i,Kimberly,93,37.2
2674903971,i,Luke,1697,848.5
1288138457,i,Jamie,147,63.0
2156991376,i,Kimberly,417,148.92857142857144
1830763459,i,Ken,302,139.3846153846154
2148000697,i,Marisa,344,164.52173913043478
1893153309,i,Marisa,543,285.7894736842105
2282712172,i,Ken,781,229.7058823529412
2847893532,i,Dee Jay,98,44.54545454545455
3236691143,i,Juri,252,137.05263157894737
2404246036,i,Juri,861,463.6153846153846
1717342151,i,Marisa,168,72.77005347593582
1591111391,i,Marisa,380,211.11111111111111
1181067340,i,Marisa,397,223.3125
3553321429,i,Luke,2186,242.88888888888889
1580356584,i,Manon,462,292.9756097560976
4201331874,i,Jamie,445,141.83266932270917
4021617709,i,Jamie,193,56.87006960556844
3986405617,i,Jamie,214,96.17977528089888
3784120518,i,JP,494,240.66666666666666
1115264167,i,JP,429,206.3837837837838
2254718334,i,Kimberly,272,158.13953488372093
4062247287,i,Ken,284,118.33333333333334
2984414814,i,Ken,109,19.81818181818182
3883556144,i,Chun-Li,1530,450.0
2463741851,i,Chun-Li,275,108.26771653543308
2264925554,i,Manon,130,62.63636363636363
1739511079,i,Dee Jay,465,186.0
3976402040,i,Dee Jay,495,0
3914478050,i,Ken,117,48.56603773584906
3944966548,i,Ken,126,60.0
2649177132,i,Ken,92,54.11764705882353
2676314524,i,Jamie,250,105.0
3783015123,i,Kimberly,886,466.31578947368416
1679607571,i,Dee Jay,184,56.61538461538462
1035009544,i,Dee Jay,237,109.65671641791045
1050685775,i,Chun-Li,164,60.25757575757576
3048160607,i,Manon,109,48.24590163934426
2835246735,i,Manon,435,162.93286219081273
1174902306,i,Dee Jay,161,55.51724137931035
3020228932,i,Dee Jay,120,60.0
3557107285,i,Dee Jay,672,336.0
1371360523,i,Ken,157,70.0
2724933021,i,Ken,356,148.33333333333334
2690183024,i,Ken,490,228.66666666666666
2861224060,i,Ken,557,185.66666666666666
3237443048,i,Dee Jay,137,61.976190476190474
1348876356,i,Dee Jay,290,147.23076923076923
3287161287,i,Dee Jay,141,80.57142857142857
1731957297,i,Dee Jay,256,75.85185185185185
2204898511,i,Lily,90,48.75
3253018091,i,Lily,1562,390.5
4149876106,i,Zangief,200,112.90322580645163
1959329564,i,JP,359,165.6923076923077
2038416511,i,Dhalsim,549,247.05
1648227809,i,Cammy,1277,355.83820224719096
2533848704,i,Ken,1260,578.5714285714286
2621865534,i,Dee Jay,120,61.395348837209305
2972715047,i,Manon,256,137.84615384615384
1393033268,i,Manon,266,85.90661478599222
1706350307,i,Juri,280,112.0
2056538520,i,Juri,330,249.18367346938774
1626266880,i,Lily,91,55.24999999999999
3647277467,i,Lily,221,100.89130434782608
3457644970,i,Jamie,341,138.3768115942029
3277398157,i,Jamie,110,38.724489795918366
2384474194,i,Edmond Honda,286,152.86206896551724
2778652082,i,Edmond Honda,215,100.33333333333333
2352450369,i,Luke,202,103.24444444444444
1088756004,i,Luke,147,62.809090909090905
2114836400,i,Juri,178,129.72881355932202
2389416030,i,Chun-Li,111,47.321052631578944
1061629032,i,Manon,121,49.66417910447761
3743836251,i,Manon,1331,369.72222222222223
3930919586,i,Manon,466,148.72340425531917
2236524163,i,Juri,697,194.03663003663004
4149232339,i,Juri,309,127.23529411764706
3103310505,i,Juri,115,36.02409638554217
2370170212,i,Juri,985,322.3636363636364
2483823634,i,Juri,440,232.94117647058823
2823264076,i,Juri,128,40.98876404494382
3283009607,i,Juri,311,109.76470588235294
1951594699,i,Juri,205,85.0
1800404374,i,Blanka,129,82.56
3464321040,i,Blanka,155,46.0
2128765328,i,Dee Jay,158,59.375796178343954
1545707257,i,Dee Jay,105,33.205128205128204
3261867535,i,Dee Jay,164,73.47200000000001
1110381623,i,Dee Jay,183,51.24
1155117518,i,Dee Jay,145,40.74817518248175
3620098714,i,Dee Jay,201,117.25000000000001
1919248149,i,Ken,329,149.54545454545453
4127440642,i,Ken,209,29.43661971830986
1660507728,i,Ken,398,148.6892109500805
1307444222,i,Ken,373,134.87005649717514
3467885731,i,Ken,612,188.30769230769232
4166758323,i,Ken,606,233.0769230769231
4261364169,i,Ken,704,309.76
3889154052,i,Ken,96,55.741935483870975
3876137258,i,Ken,210,72.85714285714286
3841839608,i,Luke,309,166.1290322580645
4145239357,i,Luke,548,241.12
1739758022,i,Luke,692,259.5
1520748035,i,Cammy,428,237.7777777777778
1724930519,i,Ryu,820,410.0
3728794038,i,Ken,150,48.24561403508772
2875458926,i,Juri,92,35.0
3134368475,i,Ken,99,38.0
2596333587,i,Lily,629,314.5
1213158159,i,Marisa,114,52.92857142857143
2385952219,i,Marisa,500,213.59223300970874
2822108229,i,Marisa,336,182.39999999999998
1218541066,i,Marisa,137,69.74545454545454
3177365263,i,Guile,99,45.0
3836703099,i,Luke,902,685.52
2462969888,i,Zangief,168,87.36
3353445059,i,JP,299,35.1764705882353
4183138388,i,Ryu,292,154.58823529411765
2029886640,i,Kimberly,289,112.71000000000001
4035205395,i,Manon,94,27.945945945945947
2914638299,i,Jamie,1132,525.1546391752578
1050571362,i,Edmond Honda,610,234.61538461538464
4191961119,i,Kimberly,249,68.91964285714286
2578847254,i,Manon,440,220.0
3927544103,i,Zangief,679,427.51851851851853
